"year","month","yrmo","sumprecip","maxtemp","mintemp","wet_frac","wet","dry","freeze","sumprecip3","wetfrac3","freeze3","sumprecip6","wetfrac6","freeze6","sumprecip12","wetfrac12","freeze12"
1980,1,"1980 1",NA,21.5,-4,NA,NA,NA,8,NA,NA,NA,NA,NA,NA,NA,NA,NA
1980,2,"1980 2",30.226,24,-10,0.206896551724138,6,23,4,NA,NA,NA,NA,NA,NA,NA,NA,NA
1980,3,"1980 3",5.08,24.5,-1,0.032258064516129,1,30,2,NA,NA,14,NA,NA,NA,NA,NA,NA
1980,4,"1980 4",0.508,31,-2,0.0666666666666667,2,28,2,35.814,0.1,8,NA,NA,NA,NA,NA,NA
1980,5,"1980 5",0.508,34,2,0.0645161290322581,2,29,0,6.096,0.0543478260869565,4,NA,NA,NA,NA,NA,NA
1980,6,"1980 6",10.922,41,10,0.0666666666666667,2,28,0,11.938,0.0659340659340659,2,NA,NA,16,NA,NA,NA
1980,7,"1980 7",60.706,39,18,0.32258064516129,10,21,0,72.136,0.152173913043478,0,107.95,0.126373626373626,8,NA,NA,NA
1980,8,"1980 8",54.102,38,15,0.225806451612903,7,24,0,125.73,0.206521739130435,0,131.826,0.130434782608696,4,NA,NA,NA
1980,9,"1980 9",58.674,36,13,0.133333333333333,4,26,0,173.482,0.228260869565217,0,185.42,0.147540983606557,2,NA,NA,NA
1980,10,"1980 10",1.778,34,-2,0.0645161290322581,2,29,2,114.554,0.141304347826087,2,186.69,0.146739130434783,2,NA,NA,NA
1980,11,"1980 11",14.478,28,-5.5,0.0333333333333333,1,29,8,74.93,0.0769230769230769,10,200.66,0.14207650273224,10,NA,NA,NA
1980,12,"1980 12",2.286,24,-4,0.032258064516129,1,30,6,18.542,0.0434782608695652,16,192.024,0.135869565217391,16,NA,NA,32
1981,1,"1981 1",30.226,19.5,-6,0.258064516129032,8,23,7,46.99,0.108695652173913,21,161.544,0.125,23,269.494,0.12568306010929,31
1981,2,"1981 2",10.668,26,-3.5,0.0714285714285714,2,26,3,43.18,0.122222222222222,16,118.11,0.0994475138121547,26,249.936,0.115068493150685,30
1981,3,"1981 3",34.036,26,0,0.193548387096774,6,25,0,74.93,0.177777777777778,10,93.472,0.10989010989011,26,278.892,0.128767123287671,28
1981,4,"1981 4",10.414,32,0,0.0666666666666667,2,28,0,55.118,0.112359550561798,3,102.108,0.110497237569061,24,288.798,0.128767123287671,26
1981,5,"1981 5",3.048,32.849497,8.2209321,0.032258064516129,1,30,0,47.498,0.0978260869565217,0,90.678,0.10989010989011,16,291.338,0.126027397260274,26
1981,6,"1981 6",77.724,43.9,8.3,0.0666666666666667,2,28,0,91.186,0.0549450549450549,0,166.116,0.116022099447514,10,358.14,0.126027397260274,26
1981,7,"1981 7",81.28,39.4,11.1,0.419354838709677,13,18,0,162.052,0.173913043478261,0,217.17,0.143646408839779,3,378.714,0.134246575342466,26
1981,8,"1981 8",15.494,40.6,8.3,0.258064516129032,8,23,0,174.498,0.25,0,221.996,0.173913043478261,0,340.106,0.136986301369863,26
1981,9,"1981 9",56.134,37.8,8.3,0.1,3,27,0,152.908,0.260869565217391,0,244.094,0.158469945355191,0,337.566,0.134246575342466,26
1981,10,"1981 10",25.146,34.4,-1.7,0.129032258064516,4,27,1,96.774,0.16304347826087,1,258.826,0.168478260869565,1,360.934,0.13972602739726,25
1981,11,"1981 11",1.016,31.7,-4.5,0.0333333333333333,1,29,4,82.296,0.0879120879120879,5,256.794,0.169398907103825,5,347.472,0.13972602739726,21
1981,12,"1981 12",33.528,22,-4.5,0.0645161290322581,2,29,12,59.69,0.0760869565217391,17,212.598,0.168478260869565,17,378.714,0.142465753424658,27
1982,1,"1982 1",25.654,23.5,-6.5,0.258064516129032,8,23,14,60.198,0.119565217391304,30,156.972,0.141304347826087,31,374.142,0.142465753424658,34
1982,2,"1982 2",10.668,24,-6,0.178571428571429,5,23,9,69.85,0.166666666666667,35,152.146,0.12707182320442,40,374.142,0.150684931506849,40
1982,3,"1982 3",21.59,25,-4,0.032258064516129,1,30,8,57.912,0.155555555555556,31,117.602,0.115384615384615,48,361.696,0.136986301369863,48
1982,4,"1982 4",4.572,30.0036835,1,0.0666666666666667,2,28,0,36.83,0.0898876404494382,17,97.028,0.104972375690608,47,355.854,0.136986301369863,48
1982,5,"1982 5",10.668,33.5,5,0.0967741935483871,3,28,0,36.83,0.0652173913043478,8,106.68,0.115384615384615,43,363.474,0.142465753424658,48
1982,6,"1982 6",4.318,37,11.5,0.0333333333333333,1,29,0,19.558,0.0659340659340659,0,77.47,0.110497237569061,31,290.068,0.13972602739726,48
1982,7,"1982 7",33.02,37.5,13,0.258064516129032,8,23,0,48.006,0.130434782608696,0,84.836,0.110497237569061,17,241.808,0.126027397260274,48
1982,8,"1982 8",72.644,34,15,0.419354838709677,13,18,0,109.982,0.239130434782609,0,146.812,0.152173913043478,8,298.958,0.13972602739726,48
1982,9,"1982 9",66.802,36,7.5,0.2,6,24,0,172.466,0.293478260869565,0,192.024,0.180327868852459,0,309.626,0.147945205479452,48
1982,10,"1982 10",0,31,2,0,0,31,0,139.446,0.206521739130435,0,187.452,0.168478260869565,0,284.48,0.136986301369863,47
1982,11,"1982 11",67.056,23.5,-2.5,0.166666666666667,5,25,5,133.858,0.120879120879121,5,243.84,0.180327868852459,5,350.52,0.147945205479452,48
1982,12,"1982 12",NA,18,-10,NA,NA,NA,19,NA,NA,24,NA,NA,24,NA,NA,55
1983,1,"1983 1",NA,17.5,-11,NA,NA,NA,23,NA,NA,47,NA,NA,47,NA,NA,64
1983,2,"1983 2",NA,21.1500415,-5,NA,NA,NA,12,NA,NA,54,NA,NA,59,NA,NA,67
1983,3,"1983 3",32.766,24,-4,0.225806451612903,7,24,7,NA,NA,42,NA,NA,66,NA,NA,66
1983,4,"1983 4",9.398,26,-4,0.0666666666666667,2,28,8,NA,NA,27,NA,NA,74,NA,NA,74
1983,5,"1983 5",0.254,33,4,0.032258064516129,1,30,0,42.418,0.108695652173913,15,NA,NA,69,NA,NA,74
1983,6,"1983 6",0,35.5,10,0,0,30,0,9.652,0.032967032967033,8,NA,NA,50,NA,NA,74
1983,7,"1983 7",88.9,37,13,0.387096774193548,12,19,0,89.154,0.141304347826087,0,NA,NA,27,NA,NA,74
1983,8,"1983 8",4.572,35,16.5,0.161290322580645,5,26,0,93.472,0.184782608695652,0,135.89,0.146739130434783,15,NA,NA,74
1983,9,"1983 9",NA,36,13,NA,NA,NA,0,NA,NA,0,NA,NA,8,NA,NA,74
1983,10,"1983 10",89.408,28.5,8,0.258064516129032,8,23,0,NA,NA,0,NA,NA,0,NA,NA,74
1983,11,"1983 11",45.72,24,0,0.166666666666667,5,25,0,NA,NA,0,NA,NA,0,NA,NA,69
1983,12,"1983 12",27.432,21,-5,0.129032258064516,4,27,6,162.56,0.184782608695652,6,NA,NA,6,NA,NA,56
1984,1,"1984 1",NA,18,-4.5,NA,NA,NA,15,NA,NA,21,NA,NA,21,NA,NA,48
1984,2,"1984 2",0,20,-4.5,0,0,29,12,NA,NA,33,NA,NA,33,NA,NA,48
1984,3,"1984 3",0,24,-6,0,0,31,2,NA,NA,29,NA,NA,35,NA,NA,43
1984,4,"1984 4",3.556,28,-1,0.0666666666666667,2,28,1,3.556,0.0222222222222222,15,NA,NA,36,NA,NA,36
1984,5,"1984 5",2.54,35.5,6.5,0.0645161290322581,2,29,0,6.096,0.0434782608695652,3,NA,NA,36,NA,NA,36
1984,6,"1984 6",21.336,34,11,0.133333333333333,4,26,0,27.432,0.0879120879120879,1,NA,NA,30,NA,NA,36
1984,7,"1984 7",39.878,35,14.5,0.354838709677419,11,20,0,63.754,0.184782608695652,0,67.31,0.104395604395604,15,NA,NA,36
1984,8,"1984 8",78.486,32.5,14,0.419354838709677,13,18,0,139.7,0.304347826086957,0,145.796,0.173913043478261,3,NA,NA,36
1984,9,"1984 9",23.368,32,9,0.133333333333333,4,26,0,141.732,0.304347826086957,0,169.164,0.19672131147541,1,NA,NA,36
1984,10,"1984 10",55.88,28.211875,6.5,0.161290322580645,5,26,0,157.734,0.239130434782609,0,221.488,0.21195652173913,0,NA,NA,36
1984,11,"1984 11",18.796,26,-4,0.0666666666666667,2,28,5,98.044,0.120879120879121,5,237.744,0.213114754098361,5,NA,NA,41
1984,12,"1984 12",78.74,18,-2.5,0.258064516129032,8,23,9,153.416,0.16304347826087,14,295.148,0.233695652173913,14,NA,NA,44
1985,1,"1985 1",NA,17,-5.5,NA,NA,NA,14,NA,NA,28,NA,NA,28,NA,NA,43
1985,2,"1985 2",NA,23,-6,NA,NA,NA,12,NA,NA,35,NA,NA,40,NA,NA,43
1985,3,"1985 3",9.398,25,-1,0.0967741935483871,3,28,3,NA,NA,29,NA,NA,43,NA,NA,44
1985,4,"1985 4",26.162,28.5,2,0.1,3,27,0,NA,NA,15,NA,NA,43,NA,NA,43
1985,5,"1985 5",0,32,6,0,0,31,0,35.56,0.0652173913043478,3,NA,NA,38,NA,NA,43
1985,6,"1985 6",38.608,37,8.5,0.1,3,27,0,64.77,0.0659340659340659,0,NA,NA,29,NA,NA,43
1985,7,"1985 7",93.98,36,15.5,0.225806451612903,7,24,0,132.588,0.108695652173913,0,NA,NA,15,NA,NA,43
1985,8,"1985 8",81.28,33.4819,14,0.290322580645161,9,22,0,213.868,0.206521739130435,0,249.428,0.135869565217391,3,NA,NA,43
1985,9,"1985 9",71.12,31,7,0.233333333333333,7,23,0,246.38,0.25,0,311.15,0.158469945355191,0,NA,NA,43
1985,10,"1985 10",106.426,28.5,6,0.129032258064516,4,27,0,258.826,0.217391304347826,0,391.414,0.16304347826087,0,NA,NA,43
1985,11,"1985 11",12.192,23.5,-1,0.166666666666667,5,25,1,189.738,0.175824175824176,1,403.606,0.191256830601093,1,NA,NA,39
1985,12,"1985 12",7.62,21.1500415,-4,0.0967741935483871,3,28,6,126.238,0.130434782608696,7,372.618,0.190217391304348,7,NA,NA,36
1986,1,"1986 1",2.032,28.6,-5.6,0.0645161290322581,2,29,17,21.844,0.108695652173913,24,280.67,0.16304347826087,24,NA,NA,39
1986,2,"1986 2",24.892,25,-3.3,0.178571428571429,5,23,8,34.544,0.111111111111111,31,224.282,0.143646408839779,32,473.71,0.13972602739726,35
1986,3,"1986 3",NA,25.5,0.5,NA,NA,NA,0,NA,NA,25,NA,NA,32,NA,NA,32
1986,4,"1986 4",0,31.163089,2,0,0,30,0,NA,NA,8,NA,NA,32,NA,NA,32
1986,5,"1986 5",5.842,32,4.5,0.0645161290322581,2,29,0,NA,NA,0,NA,NA,31,NA,NA,32
1986,6,"1986 6",NA,35,10.5,NA,NA,NA,0,NA,NA,0,NA,NA,25,NA,NA,32
1986,7,"1986 7",68.326,36.5,13.5,0.419354838709677,13,18,0,NA,NA,0,NA,NA,8,NA,NA,32
1986,8,"1986 8",62.992,35,14,0.290322580645161,9,22,0,NA,NA,0,NA,NA,0,NA,NA,32
1986,9,"1986 9",40.386,31.5,7.5,0.0666666666666667,2,28,0,171.704,0.260869565217391,0,NA,NA,0,NA,NA,32
1986,10,"1986 10",62.738,28.5,3,0.161290322580645,5,26,0,166.116,0.173913043478261,0,NA,NA,0,NA,NA,32
1986,11,"1986 11",6.096,22.94185,0.3317674,0.0333333333333333,1,29,0,109.22,0.0879120879120879,0,NA,NA,0,NA,NA,31
1986,12,"1986 12",11.176,18,-3,0.0967741935483871,3,28,5,80.01,0.0978260869565217,5,251.714,0.179347826086957,5,NA,NA,30
1987,1,"1987 1",NA,23.570743,-5.8257193,NA,NA,NA,12,NA,NA,17,NA,NA,17,NA,NA,25
1987,2,"1987 2",NA,22.5618978,-1.1,NA,NA,NA,2,NA,NA,19,NA,NA,19,NA,NA,19
1987,3,"1987 3",3.556,23.9,-1.7,0.0645161290322581,2,29,1,NA,NA,15,NA,NA,20,NA,NA,20
1987,4,"1987 4",17.78,29.4,2.2,0.166666666666667,5,25,0,NA,NA,3,NA,NA,20,NA,NA,20
1987,5,"1987 5",9.652,28.9,7.2,0.0645161290322581,2,29,0,30.988,0.0978260869565217,1,NA,NA,20,NA,NA,20
1987,6,"1987 6",7.62,34.4,13.3,0.166666666666667,5,25,0,35.052,0.131868131868132,0,NA,NA,15,NA,NA,20
1987,7,"1987 7",89.408,37.8,15.6,0.290322580645161,9,22,0,106.68,0.173913043478261,0,NA,NA,3,NA,NA,20
1987,8,"1987 8",53.594,34.4,13.8073253,0.387096774193548,12,19,0,150.622,0.282608695652174,0,181.61,0.190217391304348,1,NA,NA,20
1987,9,"1987 9",46.482,32.8,12.2,0.233333333333333,7,23,0,189.484,0.304347826086957,0,224.536,0.218579234972678,0,NA,NA,20
1987,10,"1987 10",12.7,31.1829386,9.6122303,0.129032258064516,4,27,0,112.776,0.25,0,219.456,0.21195652173913,0,NA,NA,20
1987,11,"1987 11",5.08,25.6,0,0.0666666666666667,2,28,0,64.262,0.142857142857143,0,214.884,0.213114754098361,0,NA,NA,20
1987,12,"1987 12",49.53,23.3,-3.9,0.225806451612903,7,24,5,67.31,0.141304347826087,5,256.794,0.222826086956522,5,NA,NA,20
1988,1,"1988 1",22.352,20.5442074,-2.9730547,0.0967741935483871,3,28,7,76.962,0.130434782608696,12,189.738,0.190217391304348,12,NA,NA,15
1988,2,"1988 2",33.274,26.1,-1.7,0.0689655172413793,2,27,4,105.156,0.131868131868132,16,169.418,0.137362637362637,16,351.028,0.163934426229508,17
1988,3,"1988 3",6.096,32.2,-4.399387,0.0645161290322581,2,29,3,61.722,0.0769230769230769,14,129.032,0.109289617486339,19,353.568,0.163934426229508,19
1988,4,"1988 4",22.606,32.2,7.2,0.166666666666667,5,25,0,61.976,0.1,7,138.938,0.115384615384615,19,358.394,0.163934426229508,19
1988,5,"1988 5",0.254,36.7,6.1,0.032258064516129,1,30,0,28.956,0.0869565217391304,3,134.112,0.109289617486339,19,348.996,0.16120218579235,19
1988,6,"1988 6",NA,37.8780022,15.6,NA,NA,NA,0,NA,NA,0,NA,NA,14,NA,NA,19
1988,7,"1988 7",76.708,35.6,18.3,0.387096774193548,12,19,0,NA,NA,0,NA,NA,7,NA,NA,19
1988,8,"1988 8",156.464,36.1,16.1,0.387096774193548,12,19,0,NA,NA,0,NA,NA,3,NA,NA,19
1988,9,"1988 9",30.734,36.7,10,0.2,6,24,0,263.906,0.326086956521739,0,NA,NA,0,NA,NA,19
1988,10,"1988 10",61.722,29.4,10.6,0.258064516129032,8,23,0,248.92,0.282608695652174,0,NA,NA,0,NA,NA,19
1988,11,"1988 11",8.89,27.8,0.6,0.0333333333333333,1,29,0,101.346,0.164835164835165,0,NA,NA,0,NA,NA,19
1988,12,"1988 12",16.256,20,-5,0.0645161290322581,2,29,6,86.868,0.119565217391304,6,350.774,0.222826086956522,6,NA,NA,20
1989,1,"1989 1",30.226,18.9,-2.8,0.0967741935483871,3,28,6,55.372,0.0652173913043478,12,304.292,0.173913043478261,12,NA,NA,19
1989,2,"1989 2",NA,25,0,NA,NA,NA,0,NA,NA,12,NA,NA,12,NA,NA,15
1989,3,"1989 3",NA,30,1.7,NA,NA,NA,0,NA,NA,6,NA,NA,12,NA,NA,12
1989,4,"1989 4",0,33.9,6.7,0,0,30,0,NA,NA,0,NA,NA,12,NA,NA,12
1989,5,"1989 5",2.794,35.6,7.8,0.0645161290322581,2,29,0,NA,NA,0,NA,NA,12,NA,NA,12
1989,6,"1989 6",0,41.65,13.3,0,0,30,0,2.794,0.021978021978022,0,NA,NA,6,NA,NA,12
1989,7,"1989 7",93.218,41.19,16.68,0.419354838709677,13,18,0,96.012,0.16304347826087,0,NA,NA,0,NA,NA,12
1989,8,"1989 8",24.13,35.27,14.11,0.32258064516129,10,21,0,117.348,0.25,0,NA,NA,0,NA,NA,12
1989,9,"1989 9",15.494,34.58,10.14,0.133333333333333,4,26,0,132.842,0.293478260869565,0,135.636,0.158469945355191,0,NA,NA,12
1989,10,"1989 10",28.702,32.48,0.059,0.129032258064516,4,27,0,68.326,0.195652173913043,0,164.338,0.179347826086957,0,NA,NA,12
1989,11,"1989 11",0,26.42,-3.161,0,0,30,2,44.196,0.0879120879120879,2,161.544,0.169398907103825,2,NA,NA,14
1989,12,"1989 12",2.286,22.53,-8.38,0.032258064516129,1,30,20,30.988,0.0543478260869565,22,163.83,0.173913043478261,22,NA,NA,28
1990,1,"1990 1",11.43,22.4,-5.596,0.161290322580645,5,26,21,13.716,0.0652173913043478,43,82.042,0.130434782608696,43,NA,NA,43
1990,2,"1990 2",20.32,24.87,-8.65,0.25,7,21,15,34.036,0.144444444444444,56,78.232,0.116022099447514,58,NA,NA,58
1990,3,"1990 3",4.064,28.48,-3.912,0.032258064516129,1,30,4,35.814,0.144444444444444,40,66.802,0.0989010989010989,62,202.438,0.128767123287671,62
1990,4,"1990 4",3.556,31.74,3.526,0.0333333333333333,1,29,0,27.94,0.101123595505618,19,41.656,0.0828729281767956,62,205.994,0.131506849315068,62
1990,5,"1990 5",3.556,35.65,3.877,0.032258064516129,1,30,0,11.176,0.0326086956521739,4,45.212,0.0879120879120879,60,206.756,0.128767123287671,62
1990,6,"1990 6",16.764,42.64,13.02,0.1,3,27,0,23.876,0.0549450549450549,0,59.69,0.0994475138121547,40,223.52,0.136986301369863,62
1990,7,"1990 7",83.058,35.84,17.05,0.580645161290323,18,13,0,103.378,0.239130434782609,0,131.318,0.171270718232044,19,213.36,0.150684931506849,62
1990,8,"1990 8",63.5,36.11,14.01,0.419354838709677,13,18,0,163.322,0.369565217391304,0,174.498,0.201086956521739,4,252.73,0.158904109589041,62
1990,9,"1990 9",46.228,36.74,13.19,0.2,6,24,0,192.786,0.402173913043478,0,216.662,0.229508196721311,0,283.464,0.164383561643836,62
1990,10,"1990 10",12.446,28.92,0.999,0.0645161290322581,2,29,0,122.174,0.228260869565217,0,225.552,0.233695652173913,0,267.208,0.158904109589041,62
1990,11,"1990 11",49.784,25.34,-2.952,0.266666666666667,8,22,5,108.458,0.175824175824176,5,271.78,0.273224043715847,5,316.992,0.180821917808219,65
1990,12,"1990 12",26.924,20.33,-10.16,0.225806451612903,7,24,17,89.154,0.184782608695652,22,281.94,0.293478260869565,22,341.63,0.197260273972603,62
1991,1,"1991 1",23.876,19.47,-8.11,0.225806451612903,7,24,13,100.584,0.239130434782609,35,222.758,0.233695652173913,35,354.076,0.202739726027397,54
1991,2,"1991 2",25.654,23.22,-2.467,0.142857142857143,4,24,3,76.454,0.2,33,184.912,0.187845303867403,38,359.41,0.194520547945205,42
1991,3,"1991 3",25.654,25.59,-4.625,0.225806451612903,7,24,11,75.184,0.2,27,164.338,0.192307692307692,49,381,0.210958904109589,49
1991,4,"1991 4",0,29.32,-0.087,0,0,30,1,51.308,0.123595505617978,15,151.892,0.18232044198895,50,377.444,0.208219178082192,50
1991,5,"1991 5",6.096,34.1,3.385,0.032258064516129,1,30,0,31.75,0.0869565217391304,12,108.204,0.142857142857143,45,379.984,0.208219178082192,50
1991,6,"1991 6",17.526,38.96,7.27,0.133333333333333,4,26,0,23.622,0.0549450549450549,1,98.806,0.12707182320442,28,380.746,0.210958904109589,50
1991,7,"1991 7",61.214,38.95,16.52,0.451612903225806,14,17,0,84.836,0.206521739130435,0,136.144,0.165745856353591,15,358.902,0.2,50
1991,8,"1991 8",43.688,35.43,16.49,0.354838709677419,11,20,0,122.428,0.315217391304348,0,154.178,0.201086956521739,12,339.09,0.194520547945205,50
1991,9,"1991 9",37.084,34.76,11.07,0.3,9,21,0,141.986,0.369565217391304,0,165.608,0.213114754098361,1,329.946,0.202739726027397,50
1991,10,"1991 10",NA,32.61,1.2220403,NA,NA,NA,0,NA,NA,0,NA,NA,0,NA,NA,50
1991,11,"1991 11",NA,25.1298674,-0.204292,NA,NA,NA,2,NA,NA,2,NA,NA,2,NA,NA,47
1991,12,"1991 12",NA,19.91,-3.8959756,NA,NA,NA,6,NA,NA,8,NA,NA,8,NA,NA,36
1992,1,"1992 1",22.352,16.35,-6.991,0.225806451612903,7,24,15,NA,NA,23,NA,NA,23,NA,NA,38
1992,2,"1992 2",16.002,22.14,-1.127,0.310344827586207,9,20,3,NA,NA,24,NA,NA,26,NA,NA,38
1992,3,"1992 3",43.434,24.37,0.001,0.290322580645161,9,22,0,81.788,0.274725274725275,18,NA,NA,26,NA,NA,27
1992,4,"1992 4",1.524,33.42,3.955,0.0666666666666667,2,28,0,60.96,0.222222222222222,3,NA,NA,26,NA,NA,26
1992,5,"1992 5",70.104,31.13,8.52,0.548387096774194,17,14,0,115.062,0.304347826086957,0,NA,NA,24,NA,NA,26
1992,6,"1992 6",10.16,38.72,10.58,0.1,3,27,0,81.788,0.241758241758242,0,163.576,0.258241758241758,18,NA,NA,26
1992,7,"1992 7",52.07,40.11,15.32,0.354838709677419,11,20,0,132.334,0.33695652173913,0,193.294,0.28021978021978,3,NA,NA,26
1992,8,"1992 8",NA,37.32,13.3039139,NA,NA,NA,0,NA,NA,0,NA,NA,0,NA,NA,26
1992,9,"1992 9",NA,34.3011874,11.84,NA,NA,NA,0,NA,NA,0,NA,NA,0,NA,NA,26
1992,10,"1992 10",10.414,32.41,6.971,0.161290322580645,5,26,0,NA,NA,0,NA,NA,0,NA,NA,26
1992,11,"1992 11",6.604,24.67,-5.831,0.0333333333333333,1,29,9,NA,NA,9,NA,NA,9,NA,NA,33
1992,12,"1992 12",46.736,19.71,-5.073,0.225806451612903,7,24,13,63.754,0.141304347826087,22,NA,NA,22,NA,NA,40
1993,1,"1993 1",59.436,19.76,-3.447,0.32258064516129,10,21,5,112.776,0.195652173913043,27,NA,NA,27,NA,NA,30
1993,2,"1993 2",19.05,20.56,-1.565,0.392857142857143,11,17,8,125.222,0.311111111111111,26,NA,NA,35,NA,NA,35
1993,3,"1993 3",5.588,27.85,-2.189,0.0967741935483871,3,28,4,84.074,0.266666666666667,17,147.828,0.203296703296703,39,NA,NA,39
1993,4,"1993 4",0,32.25,0.207,0,0,30,0,24.638,0.157303370786517,12,137.414,0.176795580110497,39,NA,NA,39
1993,5,"1993 5",11.176,35.58,7.89,0.161290322580645,5,26,0,16.764,0.0869565217391304,4,141.986,0.197802197802198,30,NA,NA,39
1993,6,"1993 6",0,40.23,8.65,0,0,30,0,11.176,0.0549450549450549,0,95.25,0.160220994475138,17,NA,NA,39
1993,7,"1993 7",16.51,39.11,16.75,0.225806451612903,7,24,0,27.686,0.130434782608696,0,52.324,0.143646408839779,12,NA,NA,39
1993,8,"1993 8",46.736,38.55,16.77,0.258064516129032,8,23,0,63.246,0.16304347826087,0,80.01,0.125,4,NA,NA,39
1993,9,"1993 9",1.27,35.02,9.96,0.1,3,27,0,64.516,0.195652173913043,0,75.692,0.12568306010929,0,223.52,0.164383561643836,39
1993,10,"1993 10",6.35,32.68,-1.485,0.161290322580645,5,26,1,54.356,0.173913043478261,1,82.042,0.152173913043478,1,219.456,0.164383561643836,40
1993,11,"1993 11",28.448,24.62,-5.917,0.133333333333333,4,26,3,36.068,0.131868131868132,4,99.314,0.147540983606557,4,241.3,0.172602739726027,34
1993,12,"1993 12",13.208,21.55,-5.18,0.161290322580645,5,26,12,48.006,0.152173913043478,16,112.522,0.173913043478261,16,207.772,0.167123287671233,33
1994,1,"1994 1",3.302,23.25,-4.524,0.0645161290322581,2,29,14,44.958,0.119565217391304,29,99.314,0.146739130434783,30,151.638,0.145205479452055,42
1994,2,"1994 2",13.97,23.85,-7.03,0.142857142857143,4,24,8,30.48,0.122222222222222,34,66.548,0.12707182320442,38,146.558,0.126027397260274,42
1994,3,"1994 3",14.986,27.59,-1.891,0.193548387096774,6,25,1,32.258,0.133333333333333,23,80.264,0.142857142857143,39,155.956,0.134246575342466,39
1994,4,"1994 4",3.556,30.97,1.902,0.0333333333333333,1,29,0,32.512,0.123595505617978,9,77.47,0.121546961325967,38,159.512,0.136986301369863,39
1994,5,"1994 5",3.048,37.28,8,0.0967741935483871,3,28,0,21.59,0.108695652173913,1,52.07,0.115384615384615,35,151.384,0.131506849315068,39
1994,6,"1994 6",3.556,43.87,17.55,0.0666666666666667,2,28,0,10.16,0.0659340659340659,0,42.418,0.0994475138121547,23,154.94,0.136986301369863,39
1994,7,"1994 7",18.796,39.55,17.12,0.161290322580645,5,26,0,25.4,0.108695652173913,0,57.912,0.116022099447514,9,157.226,0.131506849315068,39
1994,8,"1994 8",32.004,39.13,17.18,0.32258064516129,10,21,0,54.356,0.184782608695652,0,75.946,0.146739130434783,1,142.494,0.136986301369863,39
1994,9,"1994 9",26.924,34.95,14.1,0.133333333333333,4,26,0,77.724,0.206521739130435,0,87.884,0.136612021857924,0,168.148,0.13972602739726,39
1994,10,"1994 10",13.208,30.24,2.634,0.0645161290322581,2,29,0,72.136,0.173913043478261,0,97.536,0.141304347826087,0,175.006,0.131506849315068,38
1994,11,"1994 11",63.754,26.64,-6.061,0.2,6,24,7,103.886,0.131868131868132,7,158.242,0.158469945355191,7,210.312,0.136986301369863,42
1994,12,"1994 12",77.47,20.19,-2.096,0.290322580645161,9,22,5,154.432,0.184782608695652,12,232.156,0.195652173913043,12,274.574,0.147945205479452,35
1995,1,"1995 1",21.082,21.81,-5.131,0.193548387096774,6,25,11,162.306,0.228260869565217,23,234.442,0.201086956521739,23,292.354,0.158904109589041,32
1995,2,"1995 2",21.336,22.9,0.978,0.25,7,21,0,119.888,0.244444444444444,16,223.774,0.187845303867403,23,299.72,0.167123287671233,24
1995,3,"1995 3",16.002,25.66,-3.887,0.161290322580645,5,26,1,58.42,0.2,12,212.852,0.192307692307692,24,300.736,0.164383561643836,24
1995,4,"1995 4",1.778,30.55,-1.755,0.1,3,27,2,39.116,0.168539325842697,3,201.422,0.198895027624309,26,298.958,0.16986301369863,26
1995,5,"1995 5",2.286,33.37,2.985,0.032258064516129,1,30,0,20.066,0.0978260869565217,3,139.954,0.17032967032967,19,298.196,0.164383561643836,26
1995,6,"1995 6",0.254,37.92,9.28,0.0333333333333333,1,29,0,4.318,0.0549450549450549,2,62.738,0.12707182320442,14,294.894,0.161643835616438,26
1995,7,"1995 7",38.862,42.32,14.4,0.225806451612903,7,24,0,41.402,0.0978260869565217,0,80.518,0.132596685082873,3,314.96,0.167123287671233,26
1995,8,"1995 8",28.194,40.96,17.15,0.32258064516129,10,21,0,67.31,0.195652173913043,0,87.376,0.146739130434783,3,311.15,0.167123287671233,26
1995,9,"1995 9",73.406,38.17,10.76,0.2,6,24,0,140.462,0.25,0,144.78,0.153005464480874,2,357.632,0.172602739726027,26
1995,10,"1995 10",2.286,31.47,5.144,0.032258064516129,1,30,0,103.886,0.184782608695652,0,145.288,0.141304347826087,0,346.71,0.16986301369863,26
1995,11,"1995 11",5.334,26.74,-1.345,0.0666666666666667,2,28,1,81.026,0.0989010989010989,1,148.336,0.147540983606557,1,288.29,0.158904109589041,20
1995,12,"1995 12",NA,23.96,-4.261,NA,NA,NA,14,NA,NA,15,NA,NA,15,NA,NA,29
1996,1,"1996 1",NA,23.01,-6.39,NA,NA,NA,10,NA,NA,25,NA,NA,25,NA,NA,28
1996,2,"1996 2",7.366,25.58,-3.105,0.172413793103448,5,24,3,NA,NA,27,NA,NA,28,NA,NA,31
1996,3,"1996 3",0.254,26.96,-0.49,0.032258064516129,1,30,3,NA,NA,16,NA,NA,31,NA,NA,33
1996,4,"1996 4",4.318,34.46,2.002,0.0666666666666667,2,28,0,11.938,0.0888888888888889,6,NA,NA,31,NA,NA,31
1996,5,"1996 5",0,38.88,8.75,0,0,31,0,4.572,0.0326086956521739,3,NA,NA,30,NA,NA,31
1996,6,"1996 6",61.468,40.1,14.28,0.2,6,24,0,65.786,0.0879120879120879,0,NA,NA,16,NA,NA,31
1996,7,"1996 7",79.248,38.8,17.7,0.387096774193548,12,19,0,140.716,0.195652173913043,0,152.654,0.142857142857143,6,NA,NA,31
1996,8,"1996 8",17.78,38.83,15.62,0.290322580645161,9,22,0,158.496,0.293478260869565,0,163.068,0.16304347826087,3,NA,NA,31
1996,9,"1996 9",38.608,35.08,11.12,0.366666666666667,11,19,0,135.636,0.347826086956522,0,201.422,0.218579234972678,0,NA,NA,31
1996,10,"1996 10",49.276,34.06,-1.422,0.129032258064516,4,27,3,105.664,0.260869565217391,3,246.38,0.228260869565217,3,NA,NA,34
1996,11,"1996 11",6.858,26.11,-3.633,0.0666666666666667,2,28,2,94.742,0.186813186813187,5,253.238,0.240437158469945,5,NA,NA,35
1996,12,"1996 12",0,23.25,-9.06,0,0,31,11,56.134,0.0652173913043478,16,191.77,0.206521739130435,16,NA,NA,32
1997,1,"1997 1",25.908,21.41,-9.83,0.290322580645161,9,22,11,32.766,0.119565217391304,24,138.43,0.190217391304348,27,291.084,0.166666666666667,33
1997,2,"1997 2",40.64,21.72,-4.381,0.25,7,21,9,66.548,0.177777777777778,31,161.29,0.18232044198895,36,324.358,0.172602739726027,39
1997,3,"1997 3",3.048,28.97,-0.279,0.0645161290322581,2,29,1,69.596,0.2,21,125.73,0.131868131868132,37,327.152,0.175342465753425,37
1997,4,"1997 4",2.794,29.87,-2.423,0.0666666666666667,2,28,1,46.482,0.123595505617978,11,79.248,0.121546961325967,35,325.628,0.175342465753425,38
1997,5,"1997 5",29.718,38.15,11.47,0.161290322580645,5,26,0,35.56,0.0978260869565217,2,102.108,0.137362637362637,33,355.346,0.189041095890411,38
1997,6,"1997 6",4.572,40.53,12.03,0.1,3,27,0,37.084,0.10989010989011,1,106.68,0.154696132596685,22,298.45,0.180821917808219,38
1997,7,"1997 7",35.814,41.09,16.22,0.258064516129032,8,23,0,70.104,0.173913043478261,0,116.586,0.149171270718232,11,255.016,0.16986301369863,38
1997,8,"1997 8",39.116,36.9,16.71,0.354838709677419,11,20,0,79.502,0.239130434782609,0,115.062,0.168478260869565,2,276.352,0.175342465753425,38
1997,9,"1997 9",27.178,36.64,13.6,0.266666666666667,8,22,0,102.108,0.293478260869565,0,139.192,0.202185792349727,1,264.922,0.167123287671233,38
1997,10,"1997 10",9.144,32.99,0.197,0.161290322580645,5,26,0,75.438,0.260869565217391,0,145.542,0.217391304347826,0,224.79,0.16986301369863,35
1997,11,"1997 11",17.526,26.94,-1.007,0.166666666666667,5,25,2,53.848,0.197802197802198,2,133.35,0.218579234972678,2,235.458,0.178082191780822,35
1997,12,"1997 12",50.292,18.6,-6.621,0.32258064516129,10,21,19,76.962,0.217391304347826,21,179.07,0.255434782608696,21,285.75,0.205479452054795,43
1998,1,"1998 1",1.27,21.2,-3.555,0.0967741935483871,3,28,10,69.088,0.195652173913043,31,144.526,0.228260869565217,31,261.112,0.189041095890411,42
1998,2,"1998 2",30.48,21.8,-3.452,0.428571428571429,12,16,7,82.042,0.277777777777778,36,135.89,0.237569060773481,38,250.952,0.202739726027397,40
1998,3,"1998 3",28.956,29.09,-4.167,0.225806451612903,7,24,5,60.706,0.244444444444444,22,137.668,0.230769230769231,43,276.86,0.216438356164384,44
1998,4,"1998 4",1.016,30.9,-1.643,0.1,3,27,3,60.452,0.247191011235955,15,129.54,0.220994475138122,46,275.082,0.219178082191781,46
1998,5,"1998 5",NA,33.7509082,4.9137239,NA,NA,NA,0,NA,NA,8,NA,NA,44,NA,NA,46
1998,6,"1998 6",NA,39.3454134,9.6122303,NA,NA,NA,0,NA,NA,3,NA,NA,25,NA,NA,46
1998,7,"1998 7",NA,37.8780022,18.0024203,NA,NA,NA,0,NA,NA,0,NA,NA,15,NA,NA,46
1998,8,"1998 8",NA,36.38,15.6531671,NA,NA,NA,0,NA,NA,0,NA,NA,8,NA,NA,46
1998,9,"1998 9",9.398,36.51,14.11,0.1,3,27,0,NA,NA,0,NA,NA,3,NA,NA,46
1998,10,"1998 10",27.94,34.04,3.873,0.032258064516129,1,30,0,NA,NA,0,NA,NA,0,NA,NA,46
1998,11,"1998 11",13.208,25.1,-0.825,0.133333333333333,4,26,1,50.546,0.0879120879120879,1,NA,NA,1,NA,NA,45
1998,12,"1998 12",12.192,22.25,-5.078,0.193548387096774,6,25,14,53.34,0.119565217391304,15,NA,NA,15,NA,NA,40
1999,1,"1999 1",0,26.77,-5.157,0,0,31,10,25.4,0.108695652173913,25,NA,NA,25,NA,NA,40
1999,2,"1999 2",0,25.5,-6.447,0,0,28,5,12.192,0.0666666666666667,29,62.738,0.0773480662983425,30,NA,NA,38
1999,3,"1999 3",1.778,28.61,-0.585,0.032258064516129,1,30,3,1.778,0.0111111111111111,18,55.118,0.0659340659340659,33,NA,NA,36
1999,4,"1999 4",3.556,31.71,-5.057,0.1,3,27,4,5.334,0.0449438202247191,12,30.734,0.0773480662983425,37,NA,NA,37
1999,5,"1999 5",0,34.03,3.417,0,0,31,0,5.334,0.0434782608695652,7,17.526,0.0549450549450549,36,NA,NA,37
1999,6,"1999 6",3.81,39.5,6.324,0.0666666666666667,2,28,0,7.366,0.0549450549450549,4,9.144,0.0331491712707182,22,NA,NA,37
1999,7,"1999 7",91.694,40,16.2,0.645161290322581,20,11,0,95.504,0.239130434782609,0,100.838,0.143646408839779,12,NA,NA,37
1999,8,"1999 8",102.108,35.88,16.18,0.483870967741935,15,16,0,197.612,0.402173913043478,0,202.946,0.222826086956522,7,265.684,0.150684931506849,37
1999,9,"1999 9",39.624,35.63,9.42,0.266666666666667,8,22,0,233.426,0.467391304347826,0,240.792,0.262295081967213,4,295.91,0.164383561643836,37
1999,10,"1999 10",0.254,33.22,-0.111,0.032258064516129,1,30,1,141.986,0.260869565217391,1,237.49,0.25,1,268.224,0.164383561643836,38
1999,11,"1999 11",0,28.28,-2.817,0,0,30,3,39.878,0.0989010989010989,4,237.49,0.251366120218579,4,255.016,0.153424657534247,40
1999,12,"1999 12",4.318,22.85,-5.276,0.032258064516129,1,30,18,4.572,0.0217391304347826,22,237.998,0.244565217391304,22,247.142,0.13972602739726,44
2000,1,"2000 1",0.508,25.79,-6.688,0.032258064516129,1,30,12,4.826,0.0217391304347826,33,146.812,0.141304347826087,34,247.65,0.142465753424658,46
2000,2,"2000 2",0.254,25.92,-3.738,0.0344827586206897,1,28,6,5.08,0.032967032967033,36,44.958,0.0659340659340659,40,247.904,0.144808743169399,47
2000,3,"2000 3",5.588,27.74,-2.11,0.161290322580645,5,26,5,6.35,0.0769230769230769,23,10.922,0.0491803278688525,45,251.714,0.155737704918033,49
2000,4,"2000 4",0,35.33,1.629,0,0,30,0,5.842,0.0666666666666667,11,10.668,0.043956043956044,44,248.158,0.147540983606557,45
2000,5,"2000 5",0,39.88,9.58,0,0,31,0,5.588,0.0543478260869565,5,10.668,0.0437158469945355,41,248.158,0.147540983606557,45
2000,6,"2000 6",41.402,38.92,15.35,0.3,9,21,0,41.402,0.0989010989010989,0,47.752,0.0879120879120879,23,285.75,0.166666666666667,45
2000,7,"2000 7",21.336,39.23,17.44,0.32258064516129,10,21,0,62.738,0.206521739130435,0,68.58,0.137362637362637,11,215.392,0.139344262295082,45
2000,8,"2000 8",40.64,38.93,13.3,0.258064516129032,8,23,0,103.378,0.293478260869565,0,108.966,0.173913043478261,5,153.924,0.120218579234973,45
2000,9,"2000 9",2.54,38.24,12.33,0.0333333333333333,1,29,0,64.516,0.206521739130435,0,105.918,0.153005464480874,0,116.84,0.101092896174863,45
2000,10,"2000 10",131.572,35.55,3.802,0.387096774193548,12,19,0,174.752,0.228260869565217,0,237.49,0.217391304347826,0,248.158,0.131147540983607,44
2000,11,"2000 11",25.4,21.41,-2.392,0.2,6,24,9,159.512,0.208791208791209,9,262.89,0.251366120218579,9,273.558,0.147540983606557,50
2000,12,"2000 12",6.858,19.83,-4.821,0.0645161290322581,2,29,11,163.83,0.217391304347826,20,228.346,0.21195652173913,20,276.098,0.150273224043716,43
2001,1,"2001 1",28.194,19.86,-5.807,0.258064516129032,8,23,19,60.452,0.173913043478261,39,235.204,0.201086956521739,39,303.784,0.169398907103825,50
2001,2,"2001 2",4.572,23.59,-5.015,0.0357142857142857,1,27,11,39.624,0.122222222222222,41,199.136,0.165745856353591,50,308.102,0.16986301369863,55
2001,3,"2001 3",3.048,28.18,-1.712,0.0967741935483871,3,28,5,35.814,0.133333333333333,35,199.644,0.175824175824176,55,305.562,0.164383561643836,55
2001,4,"2001 4",13.208,31.52,-1.641,0.0333333333333333,1,29,2,20.828,0.0561797752808989,18,81.28,0.116022099447514,57,318.77,0.167123287671233,57
2001,5,"2001 5",9.652,37.03,7.35,0.129032258064516,4,27,0,25.908,0.0869565217391304,7,65.532,0.104395604395604,48,328.422,0.178082191780822,57
2001,6,"2001 6",17.78,39.28,12.93,0.2,6,24,0,40.64,0.120879120879121,2,76.454,0.12707182320442,37,304.8,0.16986301369863,57
2001,7,"2001 7",49.276,38.43,16.44,0.580645161290323,18,13,0,76.708,0.304347826086957,0,97.536,0.18232044198895,18,332.74,0.191780821917808,57
2001,8,"2001 8",56.642,37.84,15.57,0.419354838709677,13,18,0,123.698,0.402173913043478,0,149.606,0.244565217391304,7,348.742,0.205479452054795,57
2001,9,"2001 9",13.208,36.96,12.83,0.2,6,24,0,119.126,0.402173913043478,0,159.766,0.262295081967213,2,359.41,0.219178082191781,57
2001,10,"2001 10",2.286,32.05,4.879,0.0967741935483871,3,28,0,72.136,0.239130434782609,0,148.844,0.271739130434783,0,230.124,0.194520547945205,57
2001,11,"2001 11",5.08,28.3,-4.801,0.1,3,27,4,20.574,0.131868131868132,4,144.272,0.26775956284153,4,209.804,0.186301369863014,52
2001,12,"2001 12",5.334,21.46,-6.545,0.129032258064516,4,27,18,12.7,0.108695652173913,22,131.826,0.255434782608696,22,208.28,0.191780821917808,59
2002,1,"2002 1",1.016,22.37,-6.555,0.0967741935483871,3,28,14,11.43,0.108695652173913,36,83.566,0.173913043478261,36,181.102,0.178082191780822,54
2002,2,"2002 2",NA,26.1387126,-5.981,NA,NA,NA,6,NA,NA,38,NA,NA,42,NA,NA,49
2002,3,"2002 3",NA,28.7066822,-5.8257193,NA,NA,NA,3,NA,NA,23,NA,NA,45,NA,NA,47
2002,4,"2002 4",NA,32.1917838,3.4873916,NA,NA,NA,0,NA,NA,9,NA,NA,45,NA,NA,45
2002,5,"2002 5",NA,39.3454134,5.4171353,NA,NA,NA,0,NA,NA,3,NA,NA,41,NA,NA,45
2002,6,"2002 6",NA,39.8956926,13.3039139,NA,NA,NA,0,NA,NA,0,NA,NA,23,NA,NA,45
2002,7,"2002 7",NA,39.8956926,16.576088,NA,NA,NA,0,NA,NA,0,NA,NA,9,NA,NA,45
2002,8,"2002 8",NA,37.327723,12.8844044,NA,NA,NA,0,NA,NA,0,NA,NA,3,NA,NA,45
2002,9,"2002 9",NA,35.3100326,11.8775816,NA,NA,NA,0,NA,NA,0,NA,NA,0,NA,NA,45
2002,10,"2002 10",NA,31.1829386,4.9137239,NA,NA,NA,0,NA,NA,0,NA,NA,0,NA,NA,45
2002,11,"2002 11",NA,25.1298674,-0.204292,NA,NA,NA,1,NA,NA,1,NA,NA,1,NA,NA,42
2002,12,"2002 12",NA,18.4348038,-2.5535452,NA,NA,NA,7,NA,NA,8,NA,NA,8,NA,NA,31
2003,1,"2003 1",0.9,23.34,-1.92,0.0967741935483871,3,28,4,NA,NA,12,NA,NA,12,NA,NA,21
2003,2,"2003 2",16.8,26.14,-4.71,0.214285714285714,6,22,8,NA,NA,19,NA,NA,20,NA,NA,23
2003,3,"2003 3",3.9,28.68,-1.92,0.129032258064516,4,27,4,21.6,0.144444444444444,16,NA,NA,24,NA,NA,24
2003,4,"2003 4",0,29.76,-0.2,0,0,30,2,20.7,0.112359550561798,14,NA,NA,26,NA,NA,26
2003,5,"2003 5",0,37.36,6.65,0,0,31,0,3.9,0.0434782608695652,6,NA,NA,25,NA,NA,26
2003,6,"2003 6",7.5,37.92,15.02,0.133333333333333,4,26,0,7.5,0.043956043956044,2,29.1,0.0939226519337017,18,NA,NA,26
2003,7,"2003 7",28.1,41.44,16.98,0.258064516129032,8,23,0,35.6,0.130434782608696,0,56.3,0.121546961325967,14,NA,NA,26
2003,8,"2003 8",16.7,39.65,17.38,0.354838709677419,11,20,0,52.3,0.25,0,56.2,0.146739130434783,6,NA,NA,26
2003,9,"2003 9",5.9,35.5,13.38,0.0333333333333333,1,29,0,50.7,0.217391304347826,0,58.2,0.131147540983607,2,NA,NA,26
2003,10,"2003 10",9.5,34.34,1.96,0.225806451612903,7,24,0,32.1,0.206521739130435,0,67.7,0.168478260869565,0,NA,NA,26
2003,11,"2003 11",19.2,27.16,-3.37,0.166666666666667,5,25,4,34.6,0.142857142857143,4,86.9,0.19672131147541,4,NA,NA,29
2003,12,"2003 12",11,23.47,-9.71,0.0967741935483871,3,28,14,39.7,0.16304347826087,18,90.4,0.190217391304348,18,119.5,0.142465753424658,36
2004,1,"2004 1",32.6,18.52,-2.282,0.225806451612903,7,24,6,62.8,0.16304347826087,24,94.9,0.184782608695652,24,151.2,0.153424657534247,38
2004,2,"2004 2",23.2,25.3,-5.924,0.206896551724138,6,23,14,66.8,0.175824175824176,34,101.4,0.159340659340659,38,157.6,0.153005464480874,44
2004,3,"2004 3",27.3,29.13,0.245,0.193548387096774,6,25,0,83.1,0.208791208791209,20,122.8,0.185792349726776,38,181,0.158469945355191,40
2004,4,"2004 4",NA,28.41,1.931,NA,NA,NA,0,NA,NA,14,NA,NA,38,NA,NA,38
2004,5,"2004 5",1.4,34.47,6.801,0.032258064516129,1,30,0,NA,NA,0,NA,NA,34,NA,NA,38
2004,6,"2004 6",17.4,38.42,13.61,0.133333333333333,4,26,0,NA,NA,0,NA,NA,20,NA,NA,38
2004,7,"2004 7",53.1,38.16,16.03,0.451612903225806,14,17,0,71.9,0.206521739130435,0,NA,NA,14,NA,NA,38
2004,8,"2004 8",95.2,36.84,14.57,0.483870967741935,15,16,0,165.7,0.358695652173913,0,NA,NA,0,NA,NA,38
2004,9,"2004 9",28.5,35.46,9.21,0.3,9,21,0,176.8,0.41304347826087,0,NA,NA,0,NA,NA,38
2004,10,"2004 10",18.8,33.5,4.515,0.258064516129032,8,23,0,142.5,0.347826086956522,0,214.4,0.277173913043478,0,NA,NA,38
2004,11,"2004 11",25.1,24.48,-7.08,0.3,9,21,3,72.4,0.285714285714286,3,238.1,0.322404371584699,3,NA,NA,37
2004,12,"2004 12",15.1,21.27,-7.55,0.225806451612903,7,24,15,59,0.260869565217391,18,235.8,0.33695652173913,18,NA,NA,38
2005,1,"2005 1",55.7,21.81,-3.633,0.32258064516129,10,21,6,95.9,0.282608695652174,24,238.4,0.315217391304348,24,NA,NA,38
2005,2,"2005 2",40,18.86,-2.774,0.428571428571429,12,16,4,110.8,0.322222222222222,25,183.2,0.303867403314917,28,NA,NA,28
2005,3,"2005 3",5.1,25.25,-3.201,0.0967741935483871,3,28,1,100.8,0.277777777777778,11,159.8,0.269230769230769,29,NA,NA,29
2005,4,"2005 4",4.8,29.53,2.401,0.0333333333333333,1,29,0,49.9,0.179775280898876,5,145.8,0.232044198895028,29,360.2,0.254794520547945,29
2005,5,"2005 5",3.1,39.5,7.23,0.0645161290322581,2,29,0,13,0.0652173913043478,1,123.8,0.192307692307692,26,361.9,0.257534246575342,29
2005,6,"2005 6",0,39.91,13.21,0,0,30,0,7.9,0.032967032967033,0,108.7,0.154696132596685,11,344.5,0.246575342465753,29
2005,7,"2005 7",28.9,40.61,17.38,0.225806451612903,7,24,0,32,0.0978260869565217,0,81.9,0.138121546961326,5,320.3,0.227397260273973,29
2005,8,"2005 8",45.2,37.52,15.36,0.387096774193548,12,19,0,74.1,0.206521739130435,0,87.1,0.135869565217391,1,270.3,0.219178082191781,29
2005,9,"2005 9",33.9,35.74,11.74,0.3,9,21,0,108,0.304347826086957,0,115.9,0.169398907103825,0,275.7,0.219178082191781,29
2005,10,"2005 10",22.9,33.82,6.335,0.258064516129032,8,23,0,102,0.315217391304348,0,134,0.206521739130435,0,279.8,0.219178082191781,29
2005,11,"2005 11",0,28.91,-8.45,0,0,30,3,56.8,0.186813186813187,3,130.9,0.19672131147541,3,254.7,0.194520547945205,29
2005,12,"2005 12",3.9,24.89,-5.618,0.032258064516129,1,30,10,26.8,0.0978260869565217,13,134.8,0.201086956521739,13,243.5,0.178082191780822,24
2006,1,"2006 1",2.9,22.63,-5.786,0.032258064516129,1,30,12,6.8,0.0217391304347826,25,108.8,0.168478260869565,25,190.7,0.153424657534247,30
2006,2,"2006 2",2.8,26.09,-3.835,0.107142857142857,3,25,6,9.6,0.0555555555555556,28,66.4,0.121546961325967,31,153.5,0.128767123287671,32
2006,3,"2006 3",6.3,25.93,-4.632,0.129032258064516,4,27,4,12,0.0888888888888889,22,38.8,0.0934065934065934,35,154.7,0.131506849315068,35
2006,4,"2006 4",1.1,31.81,1.662,0.0666666666666667,2,28,0,10.2,0.101123595505618,10,17,0.0607734806629834,35,151,0.134246575342466,35
2006,5,"2006 5",0,35.7,9.61,0,0,31,0,7.4,0.0652173913043478,4,17,0.0604395604395604,32,147.9,0.128767123287671,35
2006,6,"2006 6",12.2,39.11,17.65,0.166666666666667,5,25,0,13.3,0.0769230769230769,0,25.3,0.0828729281767956,22,160.1,0.142465753424658,35
2006,7,"2006 7",98.2,39.25,16.62,0.419354838709677,13,18,0,110.4,0.195652173913043,0,120.6,0.149171270718232,10,229.4,0.158904109589041,35
2006,8,"2006 8",125.3,32.91,15.66,0.516129032258065,16,15,0,235.7,0.369565217391304,0,243.1,0.217391304347826,4,309.5,0.16986301369863,35
2006,9,"2006 9",75.5,31.41,9.35,0.366666666666667,11,19,0,299,0.434782608695652,0,312.3,0.256830601092896,0,351.1,0.175342465753425,35
2006,10,"2006 10",62.5,32.42,1.376,0.258064516129032,8,23,0,263.3,0.380434782608696,0,373.7,0.28804347826087,0,390.7,0.175342465753425,35
2006,11,"2006 11",0,28.92,-9.84,0,0,30,3,138,0.208791208791209,3,373.7,0.289617486338798,3,390.7,0.175342465753425,35
2006,12,"2006 12",5.8,21.32,-7.18,0.129032258064516,4,27,24,68.3,0.130434782608696,27,367.3,0.282608695652174,27,392.6,0.183561643835616,49
2007,1,"2007 1",34.5,18.64,-10.03,0.451612903225806,14,17,19,40.3,0.195652173913043,46,303.6,0.28804347826087,46,424.2,0.219178082191781,56
2007,2,"2007 2",2.4,23.53,-2.96,0.142857142857143,4,24,8,42.7,0.244444444444444,51,180.7,0.226519337016575,54,423.8,0.221917808219178,58
2007,3,"2007 3",18.6,30.07,-7.88,0.0645161290322581,2,29,5,55.5,0.222222222222222,32,123.8,0.175824175824176,59,436.1,0.216438356164384,59
2007,4,"2007 4",15.1,30.1,2.102,0.0666666666666667,2,28,0,36.1,0.0898876404494382,13,76.4,0.143646408839779,59,450.1,0.216438356164384,59
2007,5,"2007 5",15.4,33.8,8.12,0.129032258064516,4,27,0,49.1,0.0869565217391304,5,91.8,0.164835164835165,56,465.5,0.227397260273973,59
2007,6,"2007 6",8.1,39.45,10.74,0.166666666666667,5,25,0,38.6,0.120879120879121,0,94.1,0.171270718232044,32,461.4,0.227397260273973,59
2007,7,"2007 7",37.3,41.27,15.8,0.774193548387097,24,7,0,60.8,0.358695652173913,0,96.9,0.226519337016575,13,400.5,0.257534246575342,59
2007,8,"2007 8",10.6,35.82,17.42,0.806451612903226,25,6,0,56,0.58695652173913,0,105.1,0.33695652173913,5,285.8,0.282191780821918,59
2007,9,"2007 9",3.8,34.57,12.3,0.366666666666667,11,19,0,51.7,0.652173913043478,0,90.3,0.387978142076503,0,214.1,0.282191780821918,59
2007,10,"2007 10",0.7,34.64,1.177,0.129032258064516,4,27,0,15.1,0.434782608695652,0,75.9,0.396739130434783,0,152.3,0.271232876712329,59
2007,11,"2007 11",12.4,28.91,-2.574,0.166666666666667,5,25,2,16.9,0.21978021978022,2,72.9,0.404371584699454,2,164.7,0.284931506849315,58
2007,12,"2007 12",27.3,24.95,-7.44,0.290322580645161,9,22,18,40.4,0.195652173913043,20,92.1,0.423913043478261,20,186.2,0.298630136986301,52
2008,1,"2008 1",6.9,20.59,-6.717,0.0967741935483871,3,28,16,46.6,0.184782608695652,36,61.7,0.309782608695652,36,158.6,0.268493150684932,49
2008,2,"2008 2",5.1,26.94,-5.685,0.103448275862069,3,26,10,39.3,0.164835164835165,44,56.2,0.192307692307692,46,161.3,0.265027322404372,51
2008,3,"2008 3",0,28.15,-3.4,0,0,31,6,12,0.0659340659340659,32,52.4,0.131147540983607,52,142.7,0.259562841530055,52
2008,4,"2008 4",0,31.35,2.075,0,0,30,0,5.1,0.0333333333333333,16,51.7,0.10989010989011,52,127.6,0.254098360655738,52
2008,5,"2008 5",4.7,37.55,4.455,0.0645161290322581,2,29,0,4.7,0.0217391304347826,6,44,0.092896174863388,50,116.9,0.248633879781421,52
2008,6,"2008 6",0,39.23,12.13,0,0,30,0,4.7,0.021978021978022,0,16.7,0.043956043956044,32,108.8,0.234972677595628,52
2008,7,"2008 7",104.7,36.67,17.58,0.483870967741935,15,16,0,109.4,0.184782608695652,0,114.5,0.10989010989011,16,176.2,0.210382513661202,52
2008,8,"2008 8",72.6,35.48,15.68,0.580645161290323,18,13,0,177.3,0.358695652173913,0,182,0.190217391304348,6,238.2,0.191256830601093,52
2008,9,"2008 9",9.3,34.24,10.45,0.3,9,21,0,186.6,0.456521739130435,0,191.3,0.240437158469945,0,243.7,0.185792349726776,52
2008,10,"2008 10",2,32,0.645,0.0645161290322581,2,29,0,83.9,0.315217391304348,0,193.3,0.25,0,245,0.180327868852459,52
2008,11,"2008 11",12,29.29,-0.845,0.0666666666666667,2,28,3,23.3,0.142857142857143,3,200.6,0.251366120218579,3,244.6,0.172131147540984,53
2008,12,"2008 12",10.3,23.05,-8.87,0.258064516129032,8,23,15,24.3,0.130434782608696,18,210.9,0.293478260869565,18,227.6,0.169398907103825,50
2009,1,"2009 1",11.6,22.22,-5.319,0.161290322580645,5,26,12,33.9,0.16304347826087,30,117.8,0.239130434782609,30,232.3,0.174863387978142,46
2009,2,"2009 2",3.8,28.85,-4.592,0.107142857142857,3,25,9,25.7,0.177777777777778,36,49,0.160220994475138,39,231,0.175342465753425,45
2009,3,"2009 3",14,28.25,-0.845,0.129032258064516,4,27,1,29.4,0.133333333333333,22,53.7,0.131868131868132,40,245,0.186301369863014,40
2009,4,"2009 4",0.4,31.51,2.163,0.0333333333333333,1,29,0,18.2,0.0898876404494382,10,52.1,0.12707182320442,40,245.4,0.189041095890411,40
2009,5,"2009 5",17.2,36.46,11.66,0.193548387096774,6,25,0,31.6,0.119565217391304,1,57.3,0.148351648351648,37,257.9,0.2,40
2009,6,"2009 6",18.7,37.42,12.63,0.233333333333333,7,23,0,36.3,0.153846153846154,0,65.7,0.143646408839779,22,276.6,0.219178082191781,40
2009,7,"2009 7",28.3,40.04,18.38,0.193548387096774,6,25,0,64.2,0.206521739130435,0,82.4,0.149171270718232,10,200.2,0.194520547945205,40
2009,8,"2009 8",NA,39.31,17.0794994,NA,NA,NA,0,NA,NA,0,NA,NA,1,NA,NA,40
2009,9,"2009 9",NA,NA,NA,NA,NA,NA,NA,NA,NA,NA,NA,NA,NA,NA,NA,NA
2009,10,"2009 10",NA,31.163089,-1.814,NA,NA,NA,2,NA,NA,NA,NA,NA,NA,NA,NA,NA
2009,11,"2009 11",21.7,27.89,-1.358,0.133333333333333,4,26,2,NA,NA,NA,NA,NA,NA,NA,NA,NA
2009,12,"2009 12",17,18.59,-5.341,0.193548387096774,6,25,13,NA,NA,17,NA,NA,NA,NA,NA,NA
2010,1,"2010 1",64.9,18.36,-4.878,0.290322580645161,9,22,11,103.6,0.206521739130435,26,NA,NA,NA,NA,NA,NA
2010,2,"2010 2",25.7,20.45,-1.458,0.321428571428571,9,19,4,107.6,0.266666666666667,28,NA,NA,NA,NA,NA,NA
2010,3,"2010 3",4.4,28.32,-0.027,0.225806451612903,7,24,1,95,0.277777777777778,16,NA,NA,33,NA,NA,NA
2010,4,"2010 4",6.1,29.21,1.461,0.1,3,27,0,36.2,0.213483146067416,5,139.8,0.209944751381215,31,NA,NA,NA
2010,5,"2010 5",4.5,35.61,1.497,0.0645161290322581,2,29,0,15,0.130434782608696,1,122.6,0.197802197802198,29,NA,NA,NA
2010,6,"2010 6",3.8,40.56,13.28,0.133333333333333,4,26,0,14.4,0.0989010989010989,0,109.4,0.187845303867403,16,NA,NA,NA
2010,7,"2010 7",29.6,40.33,17.75,0.451612903225806,14,17,0,37.9,0.217391304347826,0,74.1,0.215469613259669,5,NA,NA,NA
2010,8,"2010 8",42.3,39.02,15.93,0.516129032258065,16,15,0,75.7,0.369565217391304,0,90.7,0.25,1,NA,NA,NA
2010,9,"2010 9",5.2,36.61,12.53,0.1,3,27,0,77.1,0.358695652173913,0,91.5,0.229508196721311,0,NA,NA,33
2010,10,"2010 10",21.9,34.6,5.801,0.161290322580645,5,26,0,69.4,0.260869565217391,0,107.3,0.239130434782609,0,247.1,0.224657534246575,31
2010,11,"2010 11",1.1,26.83,-7.69,0.0666666666666667,2,28,7,28.2,0.10989010989011,7,103.9,0.240437158469945,7,226.5,0.219178082191781,36
2010,12,"2010 12",7.4,24.02,-4.042,0.129032258064516,4,27,8,30.4,0.119565217391304,15,107.5,0.239130434782609,15,216.9,0.213698630136986,31
2011,1,"2011 1",2.1,23.07,-9.92,0.0645161290322581,2,29,19,10.6,0.0869565217391304,34,80,0.173913043478261,34,154.1,0.194520547945205,39
2011,2,"2011 2",2.1,25.31,-16.59,0.0714285714285714,2,26,18,11.6,0.0888888888888889,45,39.8,0.0994475138121547,52,130.5,0.175342465753425,53
2011,3,"2011 3",0.4,28.8,-0.459,0.0645161290322581,2,29,1,4.6,0.0666666666666667,38,35,0.0934065934065934,53,126.5,0.161643835616438,53
2011,4,"2011 4",0.3,32.82,2.061,0.0333333333333333,1,29,0,2.8,0.0561797752808989,19,13.4,0.0718232044198895,53,120.7,0.156164383561644,53
2011,5,"2011 5",0,36.21,3.62,0,0,31,0,0.7,0.0326086956521739,1,12.3,0.0604395604395604,46,116.2,0.150684931506849,53
2011,6,"2011 6",0.6,41.33,13.74,0.0666666666666667,2,28,0,0.9,0.032967032967033,0,5.5,0.0497237569060773,38,113,0.145205479452055,53
2011,7,"2011 7",90.6,38.61,18.14,0.645161290322581,20,11,0,91.2,0.239130434782609,0,94,0.149171270718232,19,174,0.161643835616438,53
2011,8,"2011 8",25.5,40.08,16.7,0.387096774193548,12,19,0,116.7,0.369565217391304,0,117.4,0.201086956521739,1,157.2,0.150684931506849,53
2011,9,"2011 9",41.3,37.59,13.12,0.3,9,21,0,157.4,0.445652173913043,0,158.3,0.240437158469945,0,193.3,0.167123287671233,53
2011,10,"2011 10",4.9,34.51,1.804,0.161290322580645,5,26,0,71.7,0.282608695652174,0,162.9,0.260869565217391,0,176.3,0.167123287671233,53
2011,11,"2011 11",20.8,29.26,-2.745,0.266666666666667,8,22,4,67,0.241758241758242,4,183.7,0.306010928961749,4,196,0.183561643835616,50
2011,12,"2011 12",56.4,22.77,-6.834,0.290322580645161,9,22,16,82.1,0.239130434782609,20,239.5,0.342391304347826,20,245,0.197260273972603,58
2012,1,"2012 1",2.9,22.13,-2.879,0.0645161290322581,2,29,8,80.1,0.206521739130435,28,151.8,0.244565217391304,28,245.8,0.197260273972603,47
2012,2,"2012 2",14.3,22.94,-4.042,0.103448275862069,3,26,6,73.6,0.153846153846154,30,140.6,0.197802197802198,34,258,0.199453551912568,35
2012,3,"2012 3",5.7,29.51,-6.2,0.129032258064516,4,27,6,22.9,0.0989010989010989,20,105,0.169398907103825,40,263.3,0.204918032786885,40
2012,4,"2012 4",0.7,34.9,1.497,0.0333333333333333,1,29,0,20.7,0.0888888888888889,12,100.8,0.148351648351648,40,263.7,0.204918032786885,40
2012,5,"2012 5",4.3,36.74,7.95,0.0645161290322581,2,29,0,10.7,0.0760869565217391,6,84.3,0.114754098360656,36,268,0.210382513661202,40
2012,6,"2012 6",0.3,40.23,15.11,0.0333333333333333,1,29,0,5.3,0.043956043956044,0,28.2,0.0714285714285714,20,267.7,0.207650273224044,40
2012,7,"2012 7",38.7,38.74,16.93,0.741935483870968,23,8,0,43.3,0.282608695652174,0,64,0.186813186813187,12,215.8,0.215846994535519,40
2012,8,"2012 8",12.4,38.95,16.8,0.451612903225806,14,17,0,51.4,0.41304347826087,0,62.1,0.244565217391304,6,202.7,0.221311475409836,40
2012,9,"2012 9",9.7,37.45,8.79,0.533333333333333,16,14,0,60.8,0.576086956521739,0,66.1,0.311475409836066,0,171.1,0.240437158469945,40
2012,10,"2012 10",0.1,33.21,4.219,0.032258064516129,1,30,0,22.2,0.33695652173913,0,65.5,0.309782608695652,0,166.3,0.229508196721311,40
2012,11,"2012 11",2.8,29.31,-2.146,0.1,3,27,1,12.6,0.21978021978022,1,64,0.316939890710383,1,148.3,0.215846994535519,37
2012,12,"2012 12",11.4,24.05,-5.429,0.225806451612903,7,24,12,14.3,0.119565217391304,13,75.1,0.347826086956522,13,103.3,0.210382513661202,33
2013,1,"2013 1",10.4,22.11,-11.14,0.193548387096774,6,25,20,24.6,0.173913043478261,33,46.8,0.255434782608696,33,110.8,0.221311475409836,45
2013,2,"2013 2",7,21.64,-8.26,0.178571428571429,5,23,16,28.8,0.2,48,41.4,0.209944751381215,49,103.5,0.227397260273973,55
2013,3,"2013 3",4.4,30.36,-1.478,0.0645161290322581,2,29,2,21.8,0.144444444444444,38,36.1,0.131868131868132,51,102.2,0.221917808219178,51
2013,4,"2013 4",1.4,31.81,2.829,0.0333333333333333,1,29,0,12.8,0.0898876404494382,18,37.4,0.132596685082873,51,102.9,0.221917808219178,51
2013,5,"2013 5",0.8,35.35,6.299,0.032258064516129,1,30,0,6.6,0.0434782608695652,2,35.4,0.120879120879121,50,99.4,0.219178082191781,51
2013,6,"2013 6",4.2,40,16.2,0.2,6,24,0,6.4,0.0879120879120879,0,28.2,0.116022099447514,38,103.3,0.232876712328767,51
2013,7,"2013 7",58.4,37.27,17.19,0.741935483870968,23,8,0,63.4,0.326086956521739,0,76.2,0.209944751381215,18,123,0.232876712328767,51
2013,8,"2013 8",56.3,37.12,15.8,0.387096774193548,12,19,0,118.9,0.445652173913043,0,125.5,0.244565217391304,2,166.9,0.227397260273973,51
2013,9,"2013 9",70.7,34.54,10.08,0.433333333333333,13,17,0,185.4,0.521739130434783,0,191.8,0.306010928961749,0,227.9,0.219178082191781,51
2013,10,"2013 10",0,31.4,2.13,0,0,31,0,127,0.271739130434783,0,190.4,0.298913043478261,0,227.8,0.216438356164384,51
2013,11,"2013 11",22,26.12,-1.25,0.233333333333333,7,23,6,92.7,0.21978021978022,6,211.6,0.333333333333333,6,247,0.227397260273973,56
2013,12,"2013 12",15,22.54,-4.763,0.225806451612903,7,24,16,37,0.152173913043478,22,222.4,0.33695652173913,22,250.6,0.227397260273973,60
2014,1,"2014 1",0,24.46,-4.436,0,0,31,10,37,0.152173913043478,32,164,0.21195652173913,32,240.2,0.210958904109589,50
2014,2,"2014 2",0.1,29.11,-3.343,0.0357142857142857,1,27,4,15.1,0.0888888888888889,30,107.8,0.154696132596685,36,233.3,0.2,38
2014,3,"2014 3",10.6,27.56,1.631,0.0645161290322581,2,29,0,10.7,0.0333333333333333,14,47.7,0.0934065934065934,36,239.5,0.2,36
2014,4,"2014 4",5.8,31.54,2.981,0.1,3,27,0,16.5,0.0674157303370786,4,53.5,0.110497237569061,36,243.9,0.205479452054795,36
2014,5,"2014 5",0.1,37.76,6.171,0.032258064516129,1,30,0,16.5,0.0652173913043478,0,31.6,0.0769230769230769,30,243.2,0.205479452054795,36
2014,6,"2014 6",6.6,40.03,16.93,0.0666666666666667,2,28,0,12.5,0.0659340659340659,0,23.2,0.0497237569060773,14,245.6,0.194520547945205,36
2014,7,"2014 7",73.5,39.57,17.42,0.580645161290323,18,13,0,80.2,0.228260869565217,0,96.7,0.149171270718232,4,260.7,0.180821917808219,36
2014,8,"2014 8",75.5,35.11,15.39,0.354838709677419,11,20,0,155.6,0.33695652173913,0,172.1,0.201086956521739,0,279.9,0.178082191780822,36
2014,9,"2014 9",70,35.71,11.65,0.266666666666667,8,22,0,219,0.402173913043478,0,231.5,0.234972677595628,0,279.2,0.164383561643836,36
2014,10,"2014 10",18.5,31.24,7.94,0.0967741935483871,3,28,0,164,0.239130434782609,0,244.2,0.233695652173913,0,297.7,0.172602739726027,36
2014,11,"2014 11",5.4,25.76,-3.404,0.0333333333333333,1,29,6,93.9,0.131868131868132,6,249.5,0.234972677595628,6,281.1,0.156164383561644,36
2014,12,"2014 12",12.6,23.04,-4.427,0.354838709677419,11,20,11,36.5,0.16304347826087,17,255.5,0.282608695652174,17,278.7,0.167123287671233,31
2015,1,"2015 1",28.2,24.17,-7.72,0.258064516129032,8,23,14,46.2,0.217391304347826,31,210.2,0.228260869565217,31,306.9,0.189041095890411,35
2015,2,"2015 2",0.2,25.65,-0.02,0.0869565217391304,2,21,1,41,0.247058823529412,26,134.9,0.1875,32,307,0.194444444444444,32
