period,BA,DM,DO,DS,NA,OL,OT,PB,PE,PF,PH,PI,PL,PM,PP,RF,RM,RO,SF,SH,SO
1.0,0.0,156.40558156971625,0.0,51.545619279466095,65.03720556299386,0.0,0.0,0.0,7.176933451476985,3.2990751896048396,0.0,0.0,0.0,0.0,18.057309010648204,0.0,0.0,0.0,0.0,0.0,0.0
2.0,0.0,232.22212242059314,13.772880746434938,77.31842891919914,65.03720556299386,0.0,0.0,0.0,0.0,13.12654019047643,0.0,0.0,0.0,0.0,11.440244260423947,0.0,0.0,0.0,0.0,0.0,0.0
3.0,0.0,253.2620278871209,0.0,206.1824771178644,130.07441112598772,0.0,0.0,0.0,6.472729830838108,7.079057652832834,0.0,0.0,0.0,0.0,5.69,0.0,0.0,0.0,0.0,0.0,0.0
4.0,0.0,246.99730539528363,33.83880948729845,309.2737156767966,130.07441112598772,14.447247558337482,21.703032209536183,0.0,7.176933451476985,3.3832942421827417,0.0,0.0,0.0,0.0,0.0,0.0,0.0,0.0,0.0,0.0,0.0
5.0,0.0,181.950448005081,11.099942643532774,229.5707655305252,162.59301390748465,18.72257470940397,7.748452969850525,0.0,0.0,5.787566213877076,0.0,0.0,0.0,0.0,0.0,0.0,3.0608765165061076,0.0,0.0,0.0,0.0
6.0,0.0,196.9828690549687,11.524183685546301,340.92041355363057,162.59301390748465,9.361287354701984,38.74226484925262,0.0,0.0,8.752454584346776,0.0,0.0,0.0,0.0,0.0,0.0,0.0,0.0,0.0,0.0,0.0
7.0,0.0,217.10883515584936,0.0,245.990037621335,130.07441112598772,18.72257470940397,23.245358909551573,0.0,7.225023932697846,3.0608765165061076,0.0,0.0,0.0,0.0,0.0,0.0,0.0,0.0,0.0,0.0,0.0
8.0,0.0,180.41428343552417,0.0,250.42238431716447,77.75199128146376,10.234657475717313,15.664259845793655,0.0,7.952016744983628,6.359951706110947,0.0,0.0,0.0,0.0,0.0,0.0,0.0,0.0,0.0,0.0,0.0
9.0,0.0,133.7446172538641,14.75463332715717,332.40072357997417,32.51860278149693,9.361287354701984,42.77548636664935,0.0,17.545808595898766,9.743245948293689,0.0,0.0,0.0,0.0,0.0,0.0,4.100283579832059,0.0,0.0,0.0,0.0
10.0,0.0,169.57751791050038,14.364625120789995,396.4271514931029,32.51860278149693,0.0,0.0,0.0,0.0,0.0,0.0,0.0,0.0,0.0,0.0,0.0,0.0,0.0,0.0,0.0,0.0
11.0,0.0,168.73654900440636,20.383803684246377,416.68237843211386,0.0,0.0,9.117236498979645,0.0,0.0,3.0608765165061076,0.0,0.0,0.0,7.225023932697846,10.290589943013437,0.0,0.0,0.0,0.0,0.0,0.0
12.0,0.0,130.57979961737567,36.19920818007464,459.975372898539,65.99545584276478,8.888342431114262,0.0,0.0,0.0,9.827465000871591,0.0,0.0,0.0,0.0,5.421141256874546,0.0,0.0,0.0,0.0,0.0,0.0
13.0,0.0,192.43120200766543,23.366571194779432,456.7156046269504,24.650805328752586,8.888342431114262,7.225023932697846,0.0,0.0,0.0,0.0,0.0,0.0,0.0,9.689652675416358,0.0,0.0,0.0,0.0,0.0,0.0
14.0,0.0,184.93420948373287,10.885790623315094,372.7230420890099,104.27226578502216,0.0,0.0,0.0,11.620490011366634,0.0,0.0,0.0,0.0,0.0,6.215508407283008,0.0,0.0,0.0,0.0,0.0,0.0
15.0,0.0,246.7396208142765,14.168295276963368,437.8716510753986,130.81628628739648,9.792819152572282,22.18728326469564,0.0,12.68127463437164,6.109983939553709,0.0,0.0,0.0,0.0,22.962668528343634,0.0,0.0,0.0,0.0,0.0,0.0
16.0,0.0,172.74078600006862,25.73117450158271,339.69252986706783,130.07441112598772,9.117236498979645,0.0,0.0,0.0,5.453379394741936,0.0,0.0,0.0,0.0,5.421141256874546,0.0,0.0,0.0,0.0,0.0,0.0
17.0,0.0,170.99424158088837,38.88335478055181,183.3345208135841,71.29342498369867,27.10775148214129,45.75967300797952,0.0,7.225023932697846,0.0,0.0,0.0,0.0,0.0,0.0,0.0,0.0,0.0,0.0,20.60937323583481,0.0
18.0,0.0,164.68293638907735,25.923874196690768,181.28979683419394,74.38194640253741,93.60478835131195,15.700469714834153,0.0,0.0,0.0,0.0,0.0,0.0,0.0,0.0,0.0,0.0,0.0,0.0,0.0,0.0
19.0,0.0,181.2024277406547,13.772880746434938,83.0724896653609,0.0,40.913488242646864,17.306640387851854,0.0,8.189403888872208,0.0,0.0,0.0,0.0,0.0,0.0,0.0,0.0,0.0,0.0,0.0,0.0
20.0,0.0,184.05609213345005,12.970395154072685,183.82299354989374,0.0,40.452561298605424,0.0,0.0,0.0,0.0,0.0,0.0,0.0,16.378807777744417,0.0,0.0,0.0,0.0,0.0,0.0,0.0
21.0,0.0,124.55931125693888,26.54617908975132,282.36907214312487,0.0,0.0,0.0,0.0,7.469957938494653,3.0608765165061076,0.0,0.0,0.0,0.0,0.0,0.0,0.0,0.0,0.0,0.0,0.0
22.0,0.0,84.35198439447727,13.57375204220715,245.7829379099252,118.87282086093096,0.0,8.657466164784504,0.0,0.0,0.0,0.0,0.0,0.0,0.0,0.0,0.0,0.0,0.0,0.0,0.0,0.0
23.0,0.0,146.42677304514413,20.412526116660565,323.73693080873187,86.7954876967754,0.0,0.0,0.0,0.0,0.0,0.0,0.0,0.0,0.0,0.0,0.0,0.0,0.0,0.0,0.0,0.0
24.0,0.0,83.86120496394823,10.885790623315094,195.3243277451361,38.674320741139766,0.0,0.0,0.0,0.0,3.3832942421827417,0.0,0.0,0.0,0.0,3.999652675416358,0.0,0.0,0.0,0.0,0.0,0.0
25.0,0.0,64.7864313551913,13.112009154927472,258.5067884516164,30.637617501636097,10.453197477327214,22.376763320805363,0.0,3.3832942421827417,0.0,0.0,0.0,0.0,0.0,5.69,0.0,0.0,0.0,0.0,0.0,0.0
26.0,0.0,86.3786240493489,12.357529751794223,233.24608410654378,40.91008651465984,26.371419351939483,29.530312185195925,0.0,0.0,0.0,0.0,0.0,0.0,0.0,0.0,0.0,0.0,0.0,0.0,0.0,0.0
27.0,0.0,123.06691625832526,0.0,161.4058196896626,0.0,9.34423064767946,47.326366817573714,0.0,0.0,3.0608765165061076,0.0,0.0,0.0,0.0,5.147760180528526,0.0,0.0,0.0,0.0,0.0,0.0
28.0,0.0,115.15711123481233,53.08626016351311,223.33272106744076,136.2599294645946,0.0,21.11275701353326,0.0,0.0,0.0,0.0,0.0,0.0,0.0,5.69,0.0,0.0,0.0,0.0,0.0,0.0
29.0,0.0,168.0483868048057,26.947396791995637,197.935045155306,130.9705299039577,51.3902605511597,22.609077291517437,0.0,0.0,3.0608765165061076,0.0,0.0,0.0,0.0,5.69,0.0,7.391526821300184,0.0,0.0,0.0,0.0
30.0,0.0,257.1851641040743,63.577740596059265,157.9826857350928,161.89729929765912,75.98675832329059,21.405191133053805,0.0,0.0,10.443823434105207,0.0,0.0,0.0,0.0,0.0,0.0,3.695763410650092,0.0,0.0,0.0,0.0
31.0,0.0,136.18861300532637,39.65209022868927,139.2098452866354,30.026884985924422,74.64579348213181,0.0,0.0,6.977289619842829,6.121753033012215,0.0,0.0,0.0,0.0,0.0,0.0,9.385763410650092,0.0,0.0,0.0,0.0
32.0,0.0,183.26369582930056,13.57375204220715,252.2210115728725,21.98371474397401,32.217608471748136,0.0,0.0,0.0,5.677282899177241,0.0,0.0,0.0,0.0,0.0,0.0,7.796046990482151,0.0,0.0,0.0,0.0
33.0,0.0,148.82550379014134,22.289770838942474,283.44111586797214,0.0,31.76183228731517,5.421141256874546,0.0,0.0,12.55415469824256,0.0,0.0,0.0,0.0,0.0,0.0,0.0,0.0,0.0,0.0,0.0
34.0,0.0,130.06373877122013,39.4880865674344,358.9525178119916,112.74444409823013,18.8121857443428,8.657466164784504,0.0,0.0,3.3832942421827417,0.0,0.0,0.0,0.0,0.0,0.0,0.0,0.0,0.0,0.0,0.0
35.0,0.0,157.32424010184016,64.44410537308036,433.2338622047249,0.0,9.56940120558727,18.91005565155193,0.0,0.0,3.0608765165061076,0.0,0.0,0.0,0.0,0.0,0.0,0.0,0.0,0.0,0.0,0.0
36.0,0.0,116.82902450308653,56.43372874049721,353.13046046333403,19.025661676579208,0.0,9.56940120558727,0.0,0.0,3.0608765165061076,0.0,0.0,0.0,0.0,0.0,0.0,0.0,0.0,0.0,0.0,0.0
37.0,0.0,127.58307585299443,34.2430958913272,317.7688938462211,53.486178948022584,20.24920812078796,17.069253243963274,0.0,0.0,0.0,0.0,0.0,0.0,0.0,4.869448686138892,0.0,0.0,0.0,0.0,0.0,0.0
38.0,0.0,112.3506351694361,13.772880746434938,349.8832739158598,63.19268073782503,10.234657475717313,34.22292167079992,0.0,0.0,6.766588484365483,0.0,0.0,0.0,0.0,16.24944868613889,0.0,0.0,0.0,0.0,0.0,0.0
39.0,0.0,102.65874509429736,13.17253433996283,304.3532911753406,37.826379567021235,48.76054737767014,26.376078109573147,0.0,0.0,3.3832942421827417,0.0,0.0,0.0,0.0,5.69,0.0,0.0,0.0,0.0,0.0,0.0
40.0,0.0,136.3827902884511,39.51047622783448,299.81491345971824,36.82902835197508,48.951947917945624,14.447247558337482,0.0,0.0,9.182629549518323,0.0,0.0,0.0,0.0,0.0,0.0,0.0,0.0,0.0,0.0,0.0
41.0,0.0,265.209931832223,29.30952986376647,273.21234307877995,61.39508918826822,20.246016629899493,41.26909947152909,0.0,6.472729830838108,9.182629549518323,0.0,0.0,0.0,0.0,0.0,0.0,0.0,0.0,0.0,0.0,0.0
42.0,0.0,168.59866707380746,54.01546855200995,256.36125365814587,37.684441802847516,31.129043933674065,16.36970926559453,0.0,0.0,0.0,0.0,0.0,0.0,0.0,5.147760180528526,0.0,4.29602493341461,0.0,0.0,0.0,0.0
43.0,0.0,231.5774712209734,65.24182047417631,311.83309938672056,37.1148951432845,43.73185730012705,0.0,0.0,0.0,6.444170758688849,0.0,0.0,0.0,0.0,5.421141256874546,0.0,4.5857271840569656,0.0,0.0,0.0,0.0
44.0,0.0,181.22021153822058,33.920468769967805,364.7368811123972,0.0,11.099942643532774,30.817685307396616,0.0,0.0,6.42245310802106,0.0,0.0,0.0,0.0,0.0,0.0,0.0,0.0,0.0,0.0,0.0
45.0,0.0,206.49643641544455,60.734877737164965,412.1334565572625,0.0,0.0,19.774133054429356,0.0,0.0,3.3832942421827417,0.0,0.0,0.0,0.0,4.5857271840569656,0.0,0.0,0.0,0.0,0.0,0.0
46.0,0.0,206.86129565732082,47.825135272110806,446.1512893045741,61.12749231630126,10.453197477327214,13.845660032286688,0.0,6.977289619842829,8.514255911248043,0.0,0.0,0.0,0.0,6.215508407283008,0.0,0.0,0.0,0.0,0.0,0.0
47.0,0.0,205.30816103439872,49.50950068881495,259.98519125881603,54.13146880466351,0.0,0.0,0.0,0.0,5.787566213877076,0.0,0.0,0.0,0.0,10.511533340697618,0.0,0.0,0.0,0.0,0.0,0.0
48.0,0.0,178.2593484575507,23.642975758271433,189.03503543926013,34.22163980820207,9.34423064767946,24.762681165316025,0.0,0.0,0.0,0.0,0.0,0.0,0.0,11.636649664157554,0.0,0.0,0.0,0.0,0.0,0.0
49.0,0.0,154.72579470616597,41.51586070757517,163.56595710272637,67.70858807317993,0.0,0.0,0.0,0.0,0.0,0.0,0.0,0.0,0.0,0.0,0.0,0.0,0.0,0.0,0.0,0.0
50.0,0.0,110.76611060285805,0.0,211.40192987374476,102.19712915793795,0.0,24.054503532487516,0.0,17.564347374563617,0.0,0.0,0.0,0.0,0.0,0.0,0.0,5.147760180528526,0.0,0.0,0.0,0.0
51.0,0.0,183.58831102930102,14.168295276963368,194.55036237567964,106.53263382624151,32.03396911138818,42.008178798901994,0.0,0.0,9.805747350203802,0.0,0.0,0.0,0.0,0.0,0.0,0.0,0.0,0.0,0.0,0.0
52.0,0.0,310.7267004396245,13.772880746434938,324.22871368614415,152.42899722283897,29.728138219489153,32.22861640774416,0.0,19.418189492514323,3.0608765165061076,0.0,0.0,0.0,0.0,0.0,0.0,3.999652675416358,0.0,0.0,0.0,0.0
53.0,0.0,199.4063266195017,39.5828976709945,338.98961675460544,93.18498161584846,19.310309398727235,15.894476713906794,0.0,30.59356621062011,3.0608765165061076,0.0,0.0,0.0,0.0,0.0,0.0,20.522495442192326,0.0,0.0,0.0,0.0
54.0,0.0,290.8393875741873,0.0,126.19136573230065,139.08193228070746,56.25859191751559,23.616276590777282,0.0,29.34187326116414,0.0,0.0,0.0,0.0,0.0,0.0,0.0,17.077738058589883,0.0,0.0,0.0,0.0
55.0,0.0,422.4751086837503,42.48786737544519,375.7019645798059,117.10959754093233,39.98158946684173,16.136761876222167,0.0,34.59848013120377,0.0,0.0,0.0,0.0,0.0,0.0,0.0,48.48873614337118,0.0,0.0,0.0,0.0
56.0,0.0,271.2303038587533,58.789950592771106,231.55607396380825,104.6797769423816,21.51268139813051,25.71393991327399,0.0,37.10220684319502,2.726689697370968,0.0,0.0,0.0,8.657466164784504,0.0,0.0,23.990399045730133,0.0,0.0,0.0,0.0
57.0,0.0,224.37628679085128,48.850438373384854,374.24788120487926,70.08661205619174,10.885790623315094,8.424518775412142,0.0,15.166693508715039,3.0608765165061076,0.0,0.0,0.0,12.427417271174658,10.559448686138893,0.0,7.991788344064702,0.0,0.0,0.0,0.0
58.0,0.0,185.04598990850783,48.97358354961712,421.27511995175985,109.9161442443187,30.1163348462537,8.657466164784504,0.0,13.610545145746755,3.0608765165061076,0.0,0.0,0.0,0.0,6.472729830838108,0.0,2.378207709572401,0.0,0.0,23.496419011337725,0.0
59.0,0.0,246.00532905857017,38.274436732787365,459.6522626239031,138.6169830003824,36.221331247861286,14.807236498979645,0.0,9.117236498979645,6.994838600254932,0.0,0.0,0.0,0.0,12.942095601318098,0.0,0.0,0.0,0.0,13.772880746434938,0.0
60.0,0.0,286.92155386521574,46.82134389571371,500.8843450425576,120.36716756337124,20.24920812078796,23.364434652401446,0.0,7.712243100810026,8.48819164912611,0.0,0.0,0.0,0.0,16.78440984468608,0.0,4.5857271840569656,0.0,0.0,0.0,0.0
61.0,0.0,385.2830926652699,61.745819897731124,361.95435443232293,84.53426679967394,33.89019846693431,9.792819152572282,0.0,20.681166433720747,19.05823754426992,0.0,0.0,0.0,7.469957938494653,28.143319773851548,0.0,4.29602493341461,0.0,0.0,0.0,0.0
62.0,0.0,307.8401759343977,67.252523547005,278.71668111939846,66.74037794642122,47.44558214317693,41.625249444161554,0.0,0.0,14.958426669936893,0.0,0.0,0.0,7.469957938494653,0.0,0.0,0.0,0.0,0.0,0.0,0.0
63.0,0.0,341.1697566854812,62.325290998688615,358.9062697792137,130.08471284036352,77.42399497343487,33.67039641277384,0.0,13.424645378831205,33.374354838058466,0.0,0.0,0.0,0.0,0.0,0.0,7.382946917599099,0.0,0.0,0.0,0.0
64.0,0.0,285.5975423992475,72.81745821922401,393.5569130716075,111.90908444266375,40.87658723615023,8.189403888872208,0.0,6.977289619842829,16.34584301556238,0.0,0.0,0.0,7.712243100810026,0.0,0.0,25.837087156679377,0.0,0.0,0.0,0.0
65.0,0.0,293.37457608547766,117.36162798953163,212.00709965067438,0.0,19.358781292750106,8.189403888872208,0.0,14.6949818711925,5.787566213877076,0.0,0.0,0.0,7.952016744983628,0.0,0.0,18.758029503846544,0.0,0.0,0.0,0.0
66.0,0.0,350.0414944706067,81.03045324580131,336.2363261158791,0.0,19.341539908441476,16.846870053656712,0.0,15.901646989682234,24.845803758146996,0.0,0.0,0.0,0.0,0.0,0.0,29.4270144774889,0.0,0.0,0.0,0.0
67.0,0.0,244.10306270763516,61.69416254844559,497.70210217126976,60.21194994249607,20.014455526998987,0.0,0.0,28.58988522780335,30.585226978144064,0.0,0.0,0.0,14.424746575821736,0.0,0.0,12.295330284247326,0.0,0.0,0.0,0.0
68.0,0.0,222.06051527395323,37.37079175541667,371.33167907433887,29.25758919433293,0.0,17.07,0.0,12.008268034224635,9.182629549518323,0.0,0.0,0.0,4.29602493341461,11.375828697211098,0.0,7.679319175597351,0.0,0.0,0.0,0.0
69.0,0.0,165.0265112264094,85.58946884569092,418.09288542841523,82.13637254658184,9.117236498979645,28.48106552518695,0.0,0.0,3.0608765165061076,0.0,0.0,0.0,0.0,6.726587194035089,0.0,4.29602493341461,0.0,0.0,0.0,0.0
70.0,0.0,188.46726304028994,60.83389256639503,130.2533720259864,119.57555786381735,0.0,41.38340467694535,0.0,0.0,0.0,0.0,0.0,0.0,0.0,16.211627203115892,0.0,4.29602493341461,0.0,0.0,0.0,0.0
71.0,0.0,186.81163812461733,63.573870431037435,272.4449672100206,185.90763372642408,0.0,30.353792566446508,0.0,0.0,9.505047275194958,0.0,0.0,0.0,0.0,16.189896021127264,0.0,0.0,0.0,0.0,0.0,0.0
72.0,0.0,227.76815949927496,137.43762388609017,481.9395894438038,277.1269396513029,0.0,15.664259845793655,0.0,0.0,9.182629549518323,0.0,0.0,0.0,0.0,11.363268587811534,0.0,0.0,0.0,0.0,0.0,0.0
73.0,0.0,252.99518646617503,85.45232543824436,369.77705310908505,130.12212442468578,10.885790623315094,65.48335293334362,0.0,0.0,5.787566213877076,0.0,0.0,0.0,0.0,0.0,0.0,3.695763410650092,0.0,0.0,0.0,0.0
74.0,0.0,224.10870942257114,113.21574181863771,437.22791220277304,97.92538080366872,9.792819152572282,40.69143527617269,0.0,0.0,2.726689697370968,0.0,0.0,0.0,0.0,0.0,0.0,0.0,0.0,0.0,0.0,0.0
75.0,0.0,180.64167321198363,64.02491557780395,331.4934681450317,130.63591438345483,32.14687355581028,38.776934237597054,0.0,0.0,0.0,0.0,0.0,0.0,0.0,0.0,0.0,3.0608765165061076,0.0,0.0,0.0,0.0
76.0,0.0,189.11193698418984,64.84252494654739,228.85855337200147,0.0,18.226867370371775,21.655893558861546,0.0,0.0,0.0,0.0,0.0,0.0,0.0,0.0,0.0,11.160812771754525,0.0,0.0,0.0,0.0
77.0,0.0,167.46338536211596,82.42649924307645,247.14787391796798,0.0,11.94328019254324,7.469957938494653,0.0,0.0,0.0,0.0,0.0,0.0,0.0,0.0,0.0,4.29602493341461,0.0,0.0,0.0,0.0
78.0,0.0,98.62499359823451,28.875176080921733,264.5355354169239,53.189074159949584,0.0,9.792819152572282,0.0,0.0,0.0,0.0,0.0,0.0,14.689532720652856,0.0,0.0,4.29602493341461,0.0,0.0,0.0,0.0
79.0,0.0,138.2240717161015,48.3333452235858,76.8769398411955,108.48603859223968,25.326172049394728,21.286773307831638,0.0,0.0,0.0,0.0,0.0,0.0,0.0,0.0,0.0,0.0,0.0,0.0,0.0,0.0
80.0,0.0,184.1014086111534,77.30837022915391,24.977309749749796,119.66987925055662,23.31959988449482,6.472729830838108,0.0,6.726587194035089,0.0,0.0,0.0,0.0,0.0,3.999652675416358,0.0,0.0,0.0,0.0,0.0,0.0
81.0,0.0,160.08199310876432,54.02358033239846,79.91617655925842,106.73926329961907,19.543256788099598,20.910490278475507,0.0,0.0,0.0,0.0,0.0,0.0,0.0,0.0,0.0,0.0,0.0,0.0,0.0,0.0
82.0,0.0,127.8181214143916,52.75899862151552,0.0,110.17558044596898,20.469314951434626,24.33814787682897,0.0,7.225023932697846,0.0,9.34423064767946,0.0,0.0,0.0,5.421141256874546,0.0,0.0,0.0,0.0,0.0,0.0
83.0,0.0,226.89359222546835,46.29330628494509,65.01603285350849,82.44393705482803,27.988032871682524,6.887513750978244,0.0,6.379496401312875,0.0,0.0,0.0,0.0,0.0,4.81879222833293,0.0,0.0,0.0,0.0,0.0,0.0
84.0,0.0,328.5335910202412,95.22006176059753,76.5635521351606,57.53821200685818,26.4238768868315,15.664259845793655,0.0,0.0,0.0,0.0,0.0,0.0,0.0,0.0,0.0,6.726587194035089,0.0,0.0,0.0,0.0
85.0,0.0,207.9539110653216,78.39184415079696,29.25758919433293,0.0,31.93875970492499,19.14001945068094,0.0,13.453174388070178,0.0,0.0,0.0,0.0,5.147760180528526,0.0,0.0,0.0,0.0,0.0,0.0,0.0
86.0,0.0,221.37369669392476,121.61052951434772,23.496419011337725,0.0,21.926930957381494,18.632095601318095,0.0,4.5857271840569656,0.0,0.0,0.0,0.0,12.915023932697846,0.0,0.0,2.011718792475728,0.0,0.0,0.0,0.0
87.0,0.0,252.95885201839405,59.90492007392192,30.485317584349072,0.0,70.15939489033353,6.472729830838108,0.0,23.218234523994305,0.0,0.0,0.0,0.0,6.472729830838108,0.0,0.0,0.0,0.0,0.0,0.0,0.0
88.0,0.0,186.5396154123569,110.2522356974403,31.093013830283923,0.0,68.31520206648335,19.906298567069484,0.0,0.0,0.0,0.0,0.0,0.0,0.0,0.0,0.0,2.378207709572401,0.0,0.0,0.0,0.0
89.0,0.0,204.55351005293105,90.92784088738755,71.94972516354397,0.0,20.24920812078796,6.472729830838108,0.0,0.0,0.0,0.0,0.0,0.0,0.0,4.869448686138892,0.0,0.0,0.0,0.0,0.0,0.0
90.0,0.0,258.2354285316382,89.23941173774288,111.24461723664571,68.28136246998837,11.312726116711296,0.0,0.0,8.657466164784504,0.0,0.0,0.0,0.0,0.0,0.0,0.0,0.0,0.0,0.0,0.0,0.0
91.0,0.0,271.69032173863764,89.75875119741005,98.29257935628378,184.1558285036332,20.775572933578236,11.022612127449698,0.0,7.469957938494653,0.0,0.0,0.0,0.0,0.0,0.0,0.0,0.0,0.0,0.0,0.0,0.0
92.0,0.0,273.31737783310143,87.98489010074148,48.10191701610546,138.64957262195585,20.469314951434626,8.888342431114262,0.0,0.0,0.0,0.0,0.0,0.0,0.0,17.837728450909633,0.0,0.0,0.0,0.0,0.0,0.0
93.0,0.0,351.50973393342207,104.52442114668324,106.02303690847958,64.43408810290285,29.112657993686867,38.79093076817374,0.0,10.885790623315094,0.0,0.0,0.0,0.0,0.0,23.527728450909635,0.0,3.999652675416358,0.0,0.0,0.0,0.0
94.0,0.0,320.3169893697392,149.69885808503264,156.39086722064252,151.08890443053318,61.496137114082885,71.23444133410301,0.0,18.903746645404123,0.0,0.0,0.0,0.0,0.0,9.116904667524638,0.0,0.0,0.0,0.0,0.0,0.0
95.0,0.0,386.543365496359,104.48422859577875,210.36560829883138,97.10037879195315,28.90469787727882,34.52601055014664,0.0,33.87751534564122,0.0,0.0,0.0,0.0,0.0,0.0,0.0,3.695763410650092,0.0,0.0,0.0,0.0
96.0,0.0,368.0456600636538,93.7350899173938,162.63772024501466,66.0720920305709,26.75568848417638,29.587113335459897,0.0,13.697753763535953,0.0,0.0,0.0,0.0,0.0,0.0,0.0,10.118216518671153,0.0,0.0,0.0,0.0
97.0,0.0,295.2128288919126,123.87592797399641,219.25324316556154,148.64394123062365,39.99508492311741,23.129319765861514,0.0,19.418189492514323,0.0,0.0,0.0,0.0,0.0,5.421141256874546,0.0,3.999652675416358,0.0,0.0,0.0,0.0
98.0,0.0,292.07942442809923,70.42007086485566,206.20229029122143,93.96099018305897,40.84904372934418,0.0,0.0,15.401808395254971,0.0,0.0,0.0,0.0,0.0,0.0,0.0,0.0,0.0,0.0,0.0,0.0
99.0,0.0,236.35433217341603,40.11692065029611,207.10221722892732,168.42245765165114,8.888342431114262,17.98222304144449,0.0,29.569508864835008,0.0,0.0,0.0,0.0,6.726587194035089,5.69,0.0,4.29602493341461,0.0,0.0,0.0,0.0
100.0,0.0,235.4691300091002,79.9983420361844,50.766127876122276,172.0630352886676,10.453197477327214,0.0,0.0,0.0,0.0,0.0,0.0,0.0,0.0,0.0,0.0,0.0,0.0,0.0,0.0,0.0
101.0,0.0,282.48926395166467,88.86162477075196,129.1466334689549,141.5202191796949,10.234657475717313,7.748452969850525,0.0,7.469957938494653,0.0,0.0,0.0,0.0,0.0,6.215508407283008,0.0,0.0,0.0,0.0,0.0,0.0
102.0,0.0,233.9378054522761,28.303698132097303,150.88704368147526,118.28588730881243,17.77470266376415,0.0,0.0,0.0,0.0,0.0,0.0,0.0,0.0,0.0,0.0,0.0,0.0,0.0,0.0,0.0
103.0,0.0,219.99927191118528,41.51115061701342,138.55748780060762,128.33410087944964,16.613922664284352,6.726587194035089,0.0,0.0,0.0,0.0,0.0,0.0,0.0,0.0,0.0,0.0,0.0,0.0,0.0,0.0
104.0,0.0,195.993936470513,55.7630764639465,135.7755305097084,91.49710091067958,22.109004850280925,21.17383475237257,0.0,14.450047865395693,0.0,0.0,0.0,0.0,0.0,4.5857271840569656,0.0,0.0,0.0,0.0,0.0,0.0
105.0,0.0,261.2603484365761,102.183076624316,143.12941468622705,0.0,54.10904331433968,15.664259845793655,0.0,0.0,0.0,0.0,0.0,0.0,19.668682795353185,0.0,0.0,14.0295122980001,0.0,0.0,0.0,0.0
106.0,0.0,226.319907758856,58.35237223644628,118.81364176815721,77.62855137135053,38.80937231084078,7.712243100810026,0.0,0.0,0.0,0.0,0.0,0.0,22.646998616176127,0.0,0.0,13.712972277317508,0.0,0.0,0.0,0.0
107.0,0.0,262.74636677709384,53.79034053844623,155.61443632601916,188.5100194107343,38.19076179969095,7.712243100810026,0.0,29.133812166037615,0.0,0.0,0.0,0.0,0.0,0.0,0.0,25.96767821123592,0.0,0.0,0.0,0.0
108.0,0.0,259.25571341892345,114.42348083358338,169.09961756546863,45.91949491592037,72.35686118679138,0.0,0.0,16.37653552039577,0.0,0.0,0.0,0.0,8.424518775412142,0.0,0.0,12.888074800243828,0.0,0.0,0.0,0.0
109.0,0.0,229.37887093512495,80.35865421239706,192.5113403109999,154.84286776212537,39.79673173734384,16.609482909768133,0.0,22.889283778491503,0.0,0.0,0.0,0.0,25.473434695554527,12.945459661676216,0.0,8.281490594707059,0.0,0.0,0.0,0.0
110.0,0.0,212.99172338609674,94.40310029339156,206.5348625472081,199.36458957591907,29.04721686555198,0.0,0.0,32.758030613209144,0.0,0.0,0.0,0.0,12.581691786948918,12.931977060179381,0.0,0.0,0.0,0.0,0.0,0.0
111.0,0.0,226.0826923796473,91.65133172558143,202.3886348447553,150.40284568315622,55.574810832775285,7.712243100810026,0.0,20.862399797254646,0.0,0.0,0.0,0.0,20.594714623031702,6.726587194035089,0.0,4.29602493341461,0.0,0.0,0.0,0.0
112.0,0.0,291.1246445054354,109.50848447954704,233.43998892148122,110.77666374726229,27.80197428438099,0.0,0.0,21.424537178180312,0.0,0.0,0.0,0.0,7.225023932697846,5.421141256874546,0.0,7.679319175597351,0.0,0.0,0.0,0.0
113.0,0.0,287.2144003826146,109.29018465656881,141.73188770827863,189.8060842354699,26.406741816856634,0.0,0.0,42.26543305785115,0.0,0.0,0.0,0.0,9.792819152572282,6.472729830838108,0.0,7.69541608606645,0.0,0.0,18.488016636925824,0.0
114.0,0.0,206.98522657885871,102.63475869655899,100.52137246393639,166.44816793856285,45.95339940393316,16.817038004417515,0.0,20.318389863124796,0.0,0.0,0.0,0.0,7.952016744983628,6.215508407283008,0.0,7.991788344064702,0.0,0.0,0.0,0.0
115.0,0.0,206.88049888086726,97.96023275103448,140.2238212423529,245.31964520193168,18.217337927984424,54.18181038179458,0.0,6.726587194035089,0.0,0.0,0.0,0.0,14.937267033507872,24.572798027125838,0.0,4.100283579832059,0.0,0.0,0.0,0.0
116.0,0.0,213.98370867872276,81.81705228330601,95.56196323790559,171.26658703140723,25.957595675077535,15.18220103930468,0.0,57.769963457694715,3.0608765165061076,0.0,0.0,0.0,8.657466164784504,6.472729830838108,0.0,13.702631851581604,0.0,0.0,38.111482670531025,0.0
117.0,0.0,285.35274365496144,92.47391811879521,84.67378954661706,176.88010408547717,43.704227829752334,16.127424103279157,0.0,89.31995886594154,3.0608765165061076,0.0,0.0,0.0,7.469957938494653,0.0,0.0,34.342475413822626,0.0,0.0,0.0,0.0
118.0,0.0,258.57329378179884,135.39805921883288,89.13585223735896,100.69301771755671,19.807369797642927,8.424518775412142,0.0,60.953221734379454,0.0,0.0,0.0,0.0,6.472729830838108,0.0,0.0,27.062287016378598,0.0,0.0,13.57375204220715,0.0
119.0,0.0,329.73674773449295,152.54521862285603,89.27063090679836,98.06115734301687,28.70118834963756,23.59121228412718,0.0,29.142229429529984,0.0,0.0,0.0,0.0,0.0,0.0,0.0,15.086942907366636,0.0,0.0,13.57375204220715,0.0
120.0,0.0,408.5029812302766,168.10490322805668,89.91901690448957,106.21462699116427,31.139539830754153,8.189403888872208,0.0,18.005578930093908,0.0,0.0,0.0,0.0,0.0,6.215508407283008,0.0,23.686509780963867,0.0,0.0,0.0,0.0
121.0,0.0,205.72915965274265,134.69020928222486,141.24825332829968,117.25712963871831,41.82741251428133,34.62374021458844,0.0,17.07774631998647,3.3832942421827417,0.0,0.0,0.0,0.0,6.977289619842829,0.0,4.5857271840569656,0.0,0.0,16.84239947563336,0.0
122.0,0.0,227.61480228987594,147.46101880202107,108.20778825576868,105.57408194763018,0.0,18.005578930093908,0.0,18.24753710604068,0.0,0.0,0.0,0.0,0.0,6.726587194035089,0.0,0.0,0.0,0.0,21.813517578967744,0.0
123.0,0.0,254.7835529764424,112.90670977379342,103.41403780448601,146.0589459900219,39.835570915326095,6.726587194035089,0.0,32.498132138359956,0.0,0.0,0.0,0.0,0.0,6.472729830838108,0.0,0.0,0.0,0.0,22.322800365770423,0.0
124.0,0.0,209.5581727365771,112.89082138806202,106.69678898452635,136.38694752501718,0.0,34.22418091982505,0.0,5.69,0.0,0.0,0.0,0.0,0.0,6.215508407283008,0.0,4.29602493341461,0.0,0.0,15.715060109875106,0.0
125.0,0.0,197.1874432075939,128.68676470775958,95.21949733029169,116.99310491511645,20.081944202232478,11.94713985776076,0.0,38.824091271956746,0.0,0.0,0.0,0.0,0.0,9.868842329657847,0.0,3.818688829701875,0.0,0.0,0.0,0.0
126.0,0.0,190.38339062549335,59.7632539706741,54.99311009996123,83.79883095737473,0.0,20.176606644716024,0.0,5.147760180528526,0.0,0.0,0.0,0.0,0.0,11.111141256874546,0.0,0.0,0.0,0.0,18.847015940312694,0.0
127.0,0.0,292.663698914087,72.56174943439441,86.83460563541189,66.00427104442876,0.0,22.62683232795282,0.0,5.147760180528526,0.0,0.0,0.0,0.0,0.0,0.0,0.0,0.0,0.0,0.0,0.0,0.0
128.0,0.0,249.19810215852118,56.24487415549561,112.08593778824986,27.066353937461933,37.43018343983216,46.69115497969721,0.0,51.43539394574619,0.0,9.792819152572282,0.0,0.0,0.0,0.0,0.0,8.585379859473324,0.0,0.0,32.54587654338526,0.0
129.0,0.0,262.1990099942528,86.35608638672286,114.82934141170475,78.96345337341302,27.801974284380993,15.894476713906794,0.0,35.62388261776826,0.0,0.0,0.0,0.0,0.0,0.0,10.017208866667417,41.38510471993454,0.0,0.0,14.948350575742937,0.0
130.0,0.0,267.90847599494214,44.26389998147151,86.72284982788179,67.03315387312236,50.424710113509654,30.348894548019715,0.0,50.0321589742816,0.0,0.0,0.0,0.0,0.0,0.0,6.215508407283008,39.78354487734435,0.0,0.0,50.32616602517207,0.0
131.0,0.0,271.51378700655727,110.34908224273798,85.79709647555723,23.16313209478809,65.95768828986128,22.159490659147508,0.0,54.477273171219984,0.0,0.0,0.0,0.0,0.0,0.0,4.869448686138892,64.49969276028907,0.0,0.0,34.19237666465367,0.0
132.0,0.0,181.7230758458063,54.985646435482835,111.78471694250449,133.22754982102313,46.59592330094011,0.0,0.0,35.12704318263068,0.0,0.0,0.0,0.0,12.17578112314307,0.0,0.0,54.45846803866054,0.0,0.0,51.656207312500015,0.0
133.0,0.0,224.07322430505172,54.423893104537676,106.99482762946906,74.97379765779795,31.13180725321459,8.424518775412142,0.0,20.928900746575763,0.0,0.0,0.0,0.0,0.0,5.421141256874546,4.5857271840569656,33.1236248875511,0.0,0.0,42.209528367472004,0.0
134.0,0.0,253.22775864437426,68.1817495652381,75.66871089040487,91.53255788106668,21.985733266847866,10.014550645070646,0.0,6.726587194035089,0.0,0.0,0.0,0.0,0.0,0.0,0.0,12.295330284247326,0.0,0.0,28.798777124707016,0.0
135.0,0.0,246.2085044910482,54.44017364292497,76.68453292860265,64.66631195551129,0.0,0.0,0.0,20.66275596562049,0.0,0.0,0.0,0.0,0.0,0.0,4.5857271840569656,19.35585947616979,0.0,0.0,9.56940120558727,0.0
136.0,0.0,200.01963820790493,53.43171184204797,74.2271475573288,95.15630946978084,6.215508407283008,12.372784113226373,0.0,6.472729830838108,0.0,0.0,0.0,0.0,0.0,5.69,10.568901437403072,8.295677608830967,0.0,0.0,32.955041542009596,0.0
137.0,0.0,291.88237847475295,77.10361798684495,48.60104850740261,52.621332245610105,0.0,37.758239890208685,0.0,12.372784113226373,0.0,0.0,0.0,0.0,0.0,5.954687440336551,5.69,7.483577822014801,0.0,0.0,0.0,0.0
138.0,0.0,200.53676268955138,101.62684720812028,25.94844320354306,25.46441977311658,8.424518775412142,31.050633397319977,0.0,7.469957938494653,0.0,0.0,0.0,0.0,0.0,10.290589943013437,0.0,0.0,0.0,0.0,0.0,0.0
139.0,0.0,264.6296658600162,94.32971123627895,51.72585628331583,66.01081081991823,10.453197477327214,32.023910731338184,0.0,33.32156320328221,3.695763410650092,0.0,0.0,0.0,0.0,5.421141256874546,0.0,3.3832942421827417,0.0,0.0,39.83377344012032,0.0
140.0,0.0,247.0171306823069,136.83862938813294,49.95461949949959,67.94503226115233,39.51154252405285,54.56867010526857,0.0,34.769103982574826,3.3832942421827417,8.888342431114262,0.0,0.0,0.0,10.842282513749092,5.954687440336551,15.991093694897417,0.0,12.562921705152363,11.734355659025574,0.0
141.0,0.0,295.65980196887205,173.6164276407673,50.42778157791744,31.696776284877124,0.0,23.594733198292374,0.0,33.7809433592329,0.0,9.56940120558727,0.0,0.0,0.0,0.0,5.421141256874546,46.642133515080545,0.0,32.1484898271293,0.0,0.0
142.0,0.0,257.0856136748292,158.1502943101987,52.52135617329908,32.74426433335067,0.0,31.309625142583833,0.0,14.937267033507872,0.0,0.0,0.0,0.0,0.0,0.0,0.0,12.591702542245578,0.0,40.51232921318588,0.0,0.0
143.0,0.0,300.4515299567568,128.86450681317302,27.69827531886944,37.400029867330616,0.0,14.202313552540677,0.0,6.726587194035089,0.0,9.792819152572282,0.0,0.0,0.0,0.0,0.0,11.695068761482808,0.0,12.970395154072685,0.0,0.0
144.0,0.0,326.14240034602676,165.10553086742243,27.69827531886944,110.661843739228,9.792819152572282,15.18220103930468,0.0,7.469957938494653,0.0,9.792819152572282,0.0,0.0,0.0,0.0,0.0,19.39048484754926,0.0,42.627342631399905,0.0,0.0
145.0,0.0,352.9644201884457,183.8932926302666,54.760982589352366,33.48566826293183,10.670224879319528,22.65215897779933,0.0,13.954579239685659,0.0,10.014550645070646,0.0,0.0,0.0,0.0,0.0,24.286771303728383,0.0,28.721231322177875,17.027821835953926,0.0
146.0,0.0,319.493727166824,169.33538529953535,26.58917051608983,57.80589136140616,9.34423064767946,16.37653552039577,0.0,0.0,0.0,10.014550645070646,0.0,0.0,0.0,0.0,0.0,3.3832942421827417,0.0,26.935495604290224,0.0,0.0
147.0,0.0,309.5358995241835,130.70019849446564,25.140028826196072,23.16313209478809,0.0,15.664259845793655,0.0,0.0,0.0,10.014550645070646,0.0,0.0,0.0,0.0,0.0,0.0,0.0,0.0,0.0,0.0
148.0,0.0,249.66147440190545,145.13651252574587,53.49582936124318,0.0,0.0,8.424518775412142,0.0,0.0,0.0,0.0,0.0,0.0,0.0,0.0,0.0,0.0,0.0,0.0,0.0,0.0
149.0,0.0,287.62053850913946,94.94930075070805,28.01243605578634,0.0,8.424518775412142,19.07551168862156,0.0,0.0,0.0,15.78490961287028,0.0,0.0,0.0,0.0,0.0,0.0,0.0,0.0,0.0,0.0
150.0,0.0,277.6515601490875,131.32979209583,51.36074729702928,0.0,9.56940120558727,12.094472618836738,0.0,0.0,0.0,0.0,0.0,0.0,0.0,0.0,0.0,0.0,0.0,0.0,0.0,0.0
151.0,0.0,256.3447838334705,89.85580311879018,23.662471978159836,97.57383187083983,0.0,0.0,0.0,0.0,0.0,0.0,0.0,0.0,0.0,6.215508407283008,0.0,0.0,0.0,0.0,0.0,0.0
152.0,0.0,390.5948081107424,71.58381094968624,23.496419011337725,102.29458382418288,0.0,23.849004977032195,0.0,0.0,0.0,0.0,0.0,0.0,0.0,0.0,0.0,0.0,0.0,0.0,0.0,0.0
153.0,0.0,375.84944846499315,82.16944814589549,23.16313209478809,34.95237234483283,0.0,29.586366911360265,0.0,0.0,0.0,0.0,0.0,0.0,0.0,0.0,0.0,0.0,0.0,0.0,0.0,0.0
154.0,0.0,437.6999091031509,100.3950670336384,23.496419011337725,69.42434207873175,66.51454947099363,29.85325811641517,0.0,0.0,0.0,0.0,0.0,0.0,0.0,0.0,0.0,13.845646137198319,0.0,0.0,0.0,0.0
155.0,0.0,360.52626014571734,131.047217441602,23.82813741730926,32.29672906885704,56.0139379272344,29.615870972526594,0.0,0.0,0.0,0.0,0.0,0.0,0.0,0.0,0.0,27.06980402314661,0.0,0.0,0.0,0.0
156.0,0.0,379.67093103041583,92.46329078165412,24.48701213204886,35.67804719981574,36.67354241844208,39.031206016336874,0.0,0.0,0.0,0.0,0.0,0.0,0.0,0.0,0.0,11.99144101948106,0.0,16.76763557429988,0.0,0.0
157.0,0.0,425.52704742053936,107.68134318477499,27.066353937461933,34.07487062724004,0.0,17.312861206526406,0.0,0.0,0.0,0.0,0.0,0.0,0.0,0.0,0.0,20.866523129596736,0.0,0.0,0.0,0.0
158.0,0.0,303.3397566012258,97.3993110385581,26.58917051608983,119.99182579851148,25.456817445920052,6.977289619842829,0.0,6.726587194035089,0.0,0.0,0.0,0.0,0.0,11.893871087712654,0.0,0.0,0.0,0.0,0.0,0.0
159.0,0.0,259.0780683663182,64.92756407888834,24.158323541071532,91.99669234310024,10.670224879319528,16.405919134635027,0.0,0.0,0.0,0.0,0.0,0.0,0.0,12.162729830838108,0.0,4.29602493341461,0.0,0.0,0.0,0.0
160.0,0.0,270.81173265162386,75.03335145624246,25.772809639733048,0.0,18.513478692150002,17.77470266376415,0.0,6.977289619842829,0.0,0.0,0.0,0.0,0.0,5.69,0.0,8.252742928321634,0.0,0.0,0.0,0.0
161.0,0.0,249.05399670852233,49.96920411787045,24.650805328752586,87.74104056236737,0.0,13.954579239685659,0.0,0.0,3.695763410650092,0.0,0.0,0.0,0.0,26.79931606179659,0.0,4.100283579832059,0.0,0.0,0.0,0.0
162.0,0.0,280.8092681457683,26.74628638216998,24.158323541071532,34.66069614927868,0.0,53.42372896766341,0.0,0.0,3.3832942421827417,0.0,0.0,0.0,0.0,22.743268587811535,0.0,3.695763410650092,0.0,0.0,0.0,0.0
163.0,0.0,260.471911239533,38.477631559533194,23.82813741730926,34.95237234483283,0.0,46.41765339230092,0.0,5.69,3.0608765165061076,0.0,0.0,0.0,0.0,11.375828697211098,0.0,0.0,0.0,0.0,0.0,0.0
164.0,2.726689697370968,281.75604941371506,69.44759407384097,23.496419011337725,0.0,0.0,43.09119171278148,0.0,20.122212592603187,9.505047275194958,0.0,0.0,0.0,0.0,19.300545145746753,0.0,7.356901449920717,0.0,0.0,0.0,0.0
165.0,0.0,298.8623586339489,66.46397103581964,24.158323541071532,32.74426433335067,7.952016744983628,79.30944417384812,0.0,7.469957938494653,6.444170758688849,0.0,0.0,0.0,0.0,0.0,0.0,37.218318096186636,0.0,0.0,0.0,11.734355659025574
166.0,0.0,301.6269628750229,111.40103197113443,0.0,0.0,7.712243100810026,52.99123440656218,0.0,20.923132326564833,3.0608765165061076,0.0,0.0,0.0,0.0,0.0,0.0,22.782358993433085,0.0,0.0,0.0,0.0
167.0,0.0,235.17575676306973,77.81400389604875,25.772809639733048,0.0,7.712243100810026,36.85992168087965,0.0,13.697753763535953,0.0,0.0,0.0,0.0,0.0,0.0,0.0,18.157767981082024,0.0,0.0,0.0,0.0
168.0,0.0,248.55968219092566,75.53807650320043,26.429475423781245,0.0,17.484508583565297,39.62692037678756,0.0,42.05724529937683,0.0,0.0,0.0,0.0,0.0,0.0,0.0,22.743495165138988,0.0,0.0,0.0,13.57375204220715
169.0,0.0,263.0542505520325,64.40616522688492,23.329973941412586,0.0,10.670224879319528,16.36970926559453,0.0,48.339605039098416,0.0,0.0,0.0,0.0,0.0,0.0,0.0,19.694374112315526,0.0,0.0,0.0,0.0
170.0,0.0,345.6214922573373,66.82023690643702,39.29955812787463,0.0,17.459681408415157,0.0,0.0,15.865632050957093,6.109983939553709,0.0,0.0,0.0,0.0,0.0,0.0,0.0,0.0,0.0,0.0,0.0
171.0,0.0,272.7773862457995,55.4114488569758,24.48701213204886,0.0,9.34423064767946,0.0,0.0,0.0,0.0,0.0,0.0,0.0,0.0,18.18183283438751,0.0,4.5857271840569656,0.0,0.0,0.0,19.38128949980245
172.0,0.0,285.73519520367114,29.088704859663594,46.142038285045544,40.62929532845295,0.0,30.934660602258802,0.0,0.0,0.0,0.0,0.0,0.0,0.0,6.726587194035089,0.0,0.0,0.0,0.0,0.0,0.0
173.0,0.0,225.1327537501474,85.52693790445073,51.57487803288004,27.382922271097485,0.0,7.469957938494653,0.0,0.0,0.0,0.0,0.0,0.0,0.0,39.20794591169362,0.0,4.5857271840569656,0.0,0.0,0.0,0.0
174.0,0.0,158.1426208202759,67.02206052238114,25.78743901644002,33.7806976550332,6.977289619842829,16.81418858617411,0.0,0.0,0.0,0.0,0.0,0.0,0.0,29.183340302851178,0.0,5.147760180528526,0.0,0.0,0.0,0.0
175.0,0.0,162.90253149941202,90.6973521511653,51.07618264813869,34.22163980820207,14.438830294845115,15.816960478517569,0.0,0.0,3.3832942421827417,0.0,0.0,0.0,0.0,58.35068716133826,0.0,0.0,0.0,0.0,0.0,5.421141256874546
176.0,0.0,237.39321333738678,56.65319318933982,50.60167556281892,58.74212696452563,15.424486201620052,0.0,0.0,8.189403888872208,10.443823434105209,0.0,0.0,0.0,0.0,64.07708754033446,0.0,5.421141256874546,0.0,0.0,0.0,17.580112573247252
177.0,0.0,283.9263981939625,48.10083542630536,25.78743901644002,59.865852560620674,37.71922971410997,15.42197468347828,0.0,0.0,12.21996787910742,0.0,0.0,0.0,0.0,5.421141256874546,0.0,8.86910136155525,0.0,0.0,0.0,0.0
178.0,0.0,170.41690266224072,0.0,51.891568103816056,33.04149070321295,7.952016744983628,0.0,0.0,0.0,3.0608765165061076,0.0,0.0,0.0,0.0,0.0,0.0,8.295677608830967,0.0,0.0,0.0,0.0
179.0,0.0,163.06780758340062,14.75463332715717,54.13239812065367,75.90259705990094,8.657466164784504,0.0,0.0,7.469957938494653,0.0,0.0,0.0,0.0,0.0,0.0,0.0,12.69233344666128,0.0,0.0,0.0,0.0
180.0,0.0,162.2532730062957,13.373644749788488,25.78743901644002,0.0,8.189403888872208,0.0,0.0,0.0,9.827465000871591,0.0,0.0,0.0,0.0,5.69,0.0,11.795699665898509,0.0,0.0,0.0,0.0
181.0,0.0,408.25163933538795,14.75463332715717,54.13146880466351,0.0,9.361287354701984,16.378807777744417,0.0,4.869448686138892,10.99449127567129,0.0,0.0,0.0,0.0,19.716856767085357,0.0,3.999652675416358,0.0,0.0,0.0,0.0
182.0,0.0,151.70087714869814,14.168295276963368,44.22176735002235,0.0,0.0,0.0,0.0,0.0,0.0,0.0,0.0,0.0,0.0,38.52200479420596,0.0,4.29602493341461,0.0,0.0,0.0,0.0
183.0,0.0,181.56055285559398,35.13036517757672,58.1690787386614,0.0,7.712243100810026,21.356495835591524,0.0,7.469957938494653,3.0608765165061076,0.0,0.0,0.0,0.0,12.99639262339223,0.0,0.0,0.0,0.0,0.0,0.0
184.0,0.0,170.9751195986852,23.997799778242566,62.02987749800863,0.0,8.888342431114262,0.0,0.0,0.0,0.0,0.0,0.0,0.0,0.0,23.334115348136603,0.0,0.0,0.0,0.0,0.0,0.0
185.0,0.0,177.70396079958138,12.970395154072685,24.8142365463789,18.667803956937096,8.189403888872208,0.0,0.0,0.0,11.391179496716543,0.0,0.0,0.0,0.0,13.199317024873196,0.0,3.695763410650092,0.0,0.0,0.0,0.0
186.0,0.0,190.99099941478488,12.357529751794223,0.0,0.0,0.0,4.29602493341461,0.0,0.0,13.04232113789853,0.0,0.0,0.0,0.0,12.431016814566016,0.0,0.0,0.0,0.0,0.0,14.681770824903971
187.0,0.0,126.0441781332524,26.738254660010867,24.8142365463789,61.155871464362086,6.215508407283008,0.0,0.0,0.0,6.444170758688849,0.0,0.0,0.0,0.0,0.0,0.0,0.0,0.0,0.0,0.0,0.0
188.0,0.0,209.98708854346353,13.772880746434938,24.158323541071532,30.179953475808993,6.472729830838108,0.0,0.0,0.0,6.766588484365483,0.0,0.0,0.0,0.0,0.0,0.0,0.0,0.0,0.0,0.0,0.0
189.0,0.0,217.20076587731563,24.920451456946587,24.322852911703304,89.51971065739603,8.189403888872208,15.664259845793655,0.0,0.0,0.0,0.0,0.0,0.0,0.0,0.0,0.0,0.0,0.0,0.0,0.0,17.21257356536064
190.0,0.0,188.36705096869954,36.449415162614024,23.993419809001196,30.941463569565524,14.438830294845115,0.0,0.0,0.0,0.0,0.0,0.0,0.0,0.0,0.0,0.0,3.3832942421827417,0.0,0.0,0.0,0.0
191.0,0.0,206.80886047469875,13.17253433996283,0.0,0.0,0.0,10.453197477327214,0.0,0.0,0.0,0.0,0.0,0.0,0.0,0.0,0.0,0.0,0.0,0.0,0.0,0.0
192.0,0.0,277.7135592190041,0.0,0.0,0.0,0.0,8.424518775412142,0.0,0.0,0.0,0.0,0.0,0.0,0.0,0.0,0.0,3.999652675416358,0.0,0.0,0.0,0.0
193.0,0.0,301.1621538943411,13.112009154927472,24.977309749749796,0.0,0.0,23.371604928176886,0.0,0.0,0.0,0.0,0.0,0.0,0.0,0.0,0.0,0.0,0.0,0.0,0.0,0.0
194.0,0.0,348.9605396190885,26.74628638216998,44.132223730053674,34.95237234483283,0.0,26.17371024746913,0.0,0.0,2.726689697370968,0.0,0.0,0.0,0.0,11.084957093421899,0.0,0.0,0.0,0.0,0.0,0.0
195.0,0.0,209.40157578064867,27.941176023398306,25.772809639733048,32.51860278149693,0.0,9.56940120558727,0.0,0.0,0.0,0.0,0.0,0.0,0.0,0.0,0.0,0.0,0.0,0.0,0.0,0.0
196.0,0.0,150.3479030861361,25.705409991709587,23.16313209478809,0.0,0.0,0.0,0.0,0.0,3.2990751896048396,0.0,0.0,0.0,0.0,0.0,0.0,3.695763410650092,0.0,0.0,0.0,0.0
197.0,0.0,160.16237109900476,37.448057882237066,22.995888696630363,0.0,0.0,0.0,0.0,0.0,0.0,0.0,0.0,0.0,0.0,0.0,0.0,0.0,0.0,0.0,0.0,0.0
198.0,0.0,152.7083395065638,0.0,24.322852911703304,0.0,12.162729830838108,0.0,0.0,0.0,3.3832942421827417,0.0,0.0,0.0,0.0,17.130244260423947,0.0,0.0,0.0,0.0,0.0,0.0
199.0,0.0,154.09276052635846,0.0,24.48701213204886,0.0,8.189403888872208,0.0,0.0,0.0,0.0,0.0,0.0,0.0,0.0,16.258901437403072,0.0,0.0,0.0,0.0,0.0,0.0
200.0,0.0,268.5556158757763,40.51615664694256,24.48701213204886,40.62929532845295,14.64002718269515,0.0,0.0,0.0,12.719903412221893,0.0,0.0,0.0,0.0,10.295520361057052,0.0,0.0,0.0,0.0,0.0,0.0
201.0,0.0,230.301095498756,50.61443247043661,0.0,41.45754766813043,0.0,0.0,0.0,0.0,5.787566213877076,0.0,0.0,0.0,0.0,0.0,0.0,0.0,0.0,0.0,0.0,0.0
202.0,0.0,233.98261351190175,74.70619811098662,0.0,0.0,0.0,0.0,0.0,0.0,0.0,0.0,0.0,0.0,0.0,0.0,0.0,0.0,0.0,0.0,0.0,0.0
203.0,0.0,192.0781531326447,78.18216399779509,0.0,0.0,0.0,0.0,0.0,0.0,0.0,0.0,0.0,0.0,0.0,0.0,0.0,0.0,0.0,0.0,0.0,0.0
204.0,0.0,263.2494860144896,71.69827476116124,0.0,0.0,0.0,0.0,0.0,0.0,0.0,0.0,0.0,0.0,0.0,0.0,0.0,0.0,0.0,0.0,0.0,0.0
205.0,0.0,273.93933613964833,44.75327227393173,0.0,0.0,7.712243100810026,0.0,0.0,0.0,2.378207709572401,0.0,0.0,0.0,0.0,0.0,0.0,5.147760180528526,0.0,0.0,0.0,0.0
206.0,0.0,292.96984003406646,26.533976037836375,0.0,0.0,0.0,0.0,0.0,0.0,6.7566399271562,0.0,0.0,0.0,0.0,0.0,0.0,3.695763410650092,0.0,0.0,0.0,0.0
207.0,0.0,245.2269425711139,29.119258447947168,0.0,0.0,0.0,0.0,0.0,0.0,3.695763410650092,0.0,0.0,0.0,0.0,0.0,0.0,0.0,0.0,0.0,0.0,0.0
208.0,0.0,304.5769716890132,14.168295276963368,0.0,32.51860278149693,17.312861206526406,0.0,0.0,0.0,0.0,0.0,0.0,0.0,0.0,24.568626724336934,0.0,0.0,0.0,0.0,0.0,0.0
209.0,0.0,292.53000871926815,0.0,0.0,0.0,9.361287354701984,0.0,0.0,0.0,3.695763410650092,0.0,0.0,0.0,0.0,13.192798027125837,0.0,0.0,0.0,0.0,0.0,0.0
210.0,0.0,349.19781887610566,22.076868221600023,0.0,0.0,0.0,8.657466164784504,0.0,0.0,12.577515528121667,0.0,6.270529414985741,0.0,0.0,100.29173146738272,0.0,0.0,0.0,0.0,0.0,0.0
211.0,0.0,318.3075420898399,0.0,0.0,0.0,37.09824567161225,14.897248606250251,0.0,0.0,11.078710328249192,0.0,0.0,0.0,0.0,144.43220160763806,0.0,0.0,0.0,0.0,0.0,0.0
212.0,0.0,298.6937233441604,25.687304406671167,0.0,29.106012740756153,7.279470123441963,21.773632548557057,0.0,0.0,34.075456716685906,0.0,0.0,0.0,0.0,135.9121149524567,0.0,0.0,0.0,0.0,0.0,0.0
213.0,0.0,421.0956994051227,0.0,0.0,62.270559474900075,0.0,22.884385760064706,0.0,0.0,46.1563996059296,0.0,0.0,0.0,0.0,98.28423489217343,0.0,4.29602493341461,0.0,0.0,0.0,0.0
214.0,0.0,440.82064777051664,42.287760083026534,0.0,63.308268254789084,8.189403888872208,16.127424103279157,0.0,0.0,33.72562998953863,0.0,0.0,0.0,0.0,12.617718119023179,0.0,4.869448686138892,0.0,0.0,0.0,0.0
215.0,0.0,403.1589346707972,0.0,0.0,31.997221403330865,0.0,46.91401504136933,0.0,0.0,20.580568413686724,0.0,0.0,0.0,7.469957938494653,5.147760180528526,0.0,7.991788344064702,0.0,0.0,0.0,0.0
216.0,0.0,517.9508980303618,112.60054298325466,0.0,0.0,9.117236498979645,0.0,12.562921705152363,15.904033489967256,19.382967840781244,0.0,0.0,0.0,0.0,0.0,0.0,4.5857271840569656,0.0,0.0,0.0,0.0
217.0,0.0,534.5731210786805,104.33153713562308,0.0,0.0,0.0,0.0,0.0,27.851903472794714,33.53007169230455,0.0,0.0,0.0,12.66728961984283,13.666930541146577,0.0,9.455175870195857,0.0,0.0,0.0,0.0
218.0,0.0,316.09090847412807,66.22002625508114,0.0,0.0,8.189403888872208,17.056473748489488,0.0,36.80907461790312,14.445907659962835,0.0,0.0,0.0,17.317956028148085,52.9675505280961,0.0,18.04722573702508,0.0,0.0,0.0,0.0
219.0,0.0,468.49891778999836,145.92418854110383,0.0,0.0,8.424518775412142,7.469957938494653,0.0,21.903627871716566,52.58960327216577,0.0,0.0,0.0,12.17019584761956,79.00715446942176,0.0,40.045535197437644,0.0,0.0,0.0,0.0
220.0,0.0,391.30868980484445,35.54895129972436,0.0,25.46441977311658,0.0,0.0,0.0,14.689532720652856,23.65458267715954,0.0,0.0,0.0,0.0,30.750484951385843,0.0,0.0,0.0,0.0,0.0,0.0
221.0,0.0,315.9906560436608,112.63911947665436,0.0,0.0,11.312726116711296,7.952016744983628,8.189403888872208,8.657466164784504,31.273739832316615,0.0,0.0,0.0,18.068765711012087,59.97718403634937,0.0,0.0,0.0,0.0,0.0,0.0
222.0,0.0,220.12908333319993,82.36898453970343,0.0,0.0,0.0,22.600153934117266,7.712243100810026,0.0,31.9371225390238,0.0,0.0,0.0,0.0,51.04209481896081,0.0,0.0,0.0,0.0,0.0,0.0
223.0,0.0,227.09815639010674,41.86338945938732,0.0,0.0,0.0,0.0,0.0,0.0,11.695068761482808,0.0,0.0,0.0,0.0,83.32652948362423,0.0,0.0,0.0,0.0,0.0,0.0
224.0,0.0,393.4686367265613,67.89048400275365,0.0,35.533308516915596,0.0,79.21005235984293,48.39179854811527,0.0,32.80795877479851,0.0,0.0,0.0,0.0,63.117413730794944,0.0,0.0,0.0,0.0,0.0,0.0
225.0,0.0,365.38985635844614,51.8392173909298,0.0,62.585653838378875,0.0,62.10070638915575,39.98007686722414,0.0,28.81584190059371,0.0,0.0,0.0,0.0,17.852729830838108,0.0,0.0,0.0,0.0,0.0,0.0
226.0,0.0,401.09395372583265,62.3890133561229,0.0,87.12898303210721,0.0,45.74467218006735,17.54175527439179,15.664259845793655,28.51514182558487,0.0,0.0,0.0,7.469957938494653,0.0,0.0,4.29602493341461,0.0,0.0,0.0,0.0
227.0,0.0,456.7996316980482,88.32491803791092,0.0,0.0,0.0,46.2226233610355,42.712477735992906,0.0,8.848442730383184,0.0,0.0,0.0,15.634755784627334,0.0,0.0,7.991788344064702,0.0,0.0,0.0,0.0
228.0,0.0,774.5218477246291,147.68650509615736,0.0,0.0,0.0,68.40945058418176,65.90299520332348,7.225023932697846,20.573809046234864,0.0,0.0,7.469957938494653,30.284948201010256,0.0,0.0,28.872498487785354,0.0,0.0,0.0,0.0
229.0,0.0,920.7215033289722,169.44217795762813,0.0,30.026884985924422,0.0,95.98377101708633,45.109775442293824,15.424486201620052,42.11623992300783,0.0,0.0,0.0,21.421569065227587,38.95516027061358,0.0,38.340325113897535,0.0,0.0,0.0,0.0
230.0,0.0,594.449030773549,120.71671689547182,0.0,0.0,20.2396260849068,101.09651981090913,16.81418858617411,7.469957938494653,26.443497032703707,0.0,0.0,0.0,43.34714161219373,168.11056821948893,0.0,43.77833491324483,0.0,0.0,0.0,0.0
231.0,0.0,467.3113388582079,189.76519201984684,0.0,134.2876479520435,0.0,133.03938879903401,29.789194282802526,6.215508407283008,14.73984836751982,0.0,0.0,0.0,49.837775211501906,101.01888945877461,0.0,4.5857271840569656,0.0,0.0,0.0,29.468989477790426
232.0,0.0,556.3131650638978,137.75286098408282,0.0,117.77327023585653,0.0,116.32931296467387,63.839381737765976,7.712243100810026,20.8962267719115,0.0,0.0,0.0,48.199347889201235,107.93132521108801,0.0,0.0,0.0,0.0,0.0,0.0
233.0,0.0,486.7456926672443,184.1879504082673,24.650805328752586,36.97205384433595,0.0,81.95715509152016,78.31827459399855,0.0,23.644634119950254,0.0,0.0,0.0,43.1378159084945,141.00299401741984,0.0,0.0,0.0,0.0,0.0,0.0
234.0,0.0,436.80956772909127,137.1897808026429,25.46441977311658,160.72060030629495,0.0,77.06652578903345,60.37072287747206,0.0,19.967399170210534,0.0,0.0,0.0,5.954687440336551,97.17521740756568,0.0,4.29602493341461,0.0,0.0,30.968941869122446,0.0
235.0,0.0,379.00975846920653,133.05948732090454,24.650805328752586,158.72266810907198,0.0,125.0142812020675,74.39706367351698,0.0,9.827465000871591,0.0,0.0,0.0,36.7488648209506,15.940712373751161,0.0,5.421141256874546,0.0,0.0,0.0,0.0
236.0,0.0,457.28367828599403,78.21307465955437,23.82813741730926,158.59635949592501,0.0,75.1328828408276,65.8682654732629,0.0,3.3832942421827417,0.0,0.0,0.0,36.11416083375152,0.0,0.0,0.0,0.0,0.0,0.0,0.0
237.0,0.0,507.79081508896434,102.07707295623969,22.995888696630363,60.62366616815447,0.0,96.56940602666272,54.29960001131901,6.977289619842829,0.0,0.0,0.0,0.0,0.0,0.0,0.0,8.59204986682922,0.0,0.0,0.0,0.0
238.0,0.0,402.49330374686804,76.96903681702861,24.322852911703304,68.43573480840584,0.0,99.47918953387274,25.953713557447593,7.712243100810026,0.0,0.0,0.0,0.0,0.0,0.0,0.0,3.695763410650092,0.0,0.0,0.0,0.0
239.0,0.0,611.2571727661883,107.12722944582454,26.109115076529037,34.66069614927868,0.0,112.75305929224844,29.681256235552915,0.0,0.0,0.0,0.0,0.0,0.0,0.0,0.0,0.0,0.0,0.0,0.0,0.0
240.0,0.0,541.4039362028639,170.45611901405718,25.772809639733048,32.51860278149693,0.0,77.48452969850524,47.68806976239473,0.0,0.0,0.0,0.0,0.0,0.0,0.0,0.0,0.0,0.0,0.0,0.0,0.0
241.0,0.0,771.3794819061245,0.0,0.0,72.22219142575945,0.0,32.254848206558314,62.17249926744506,0.0,0.0,0.0,0.0,0.0,0.0,40.33423906803189,0.0,0.0,0.0,0.0,0.0,0.0
242.0,0.0,402.5793921478363,29.895867913960274,0.0,80.92416922306036,0.0,41.30863452047224,28.37988218366993,0.0,0.0,0.0,0.0,0.0,0.0,42.39858403133438,0.0,0.0,0.0,0.0,0.0,0.0
243.0,0.0,654.6901082327888,77.63187435494297,0.0,184.67379816876746,0.0,34.845938106191795,9.34423064767946,4.869448686138892,3.999652675416358,0.0,0.0,0.0,10.92078734334794,63.37732897037106,0.0,0.0,0.0,0.0,0.0,0.0
244.0,0.0,331.8236529780071,61.3511139852416,23.496419011337725,120.49681481842157,0.0,47.107215850952144,6.977289619842829,4.29602493341461,0.0,0.0,0.0,0.0,0.0,69.85146494377514,0.0,0.0,0.0,0.0,0.0,0.0
245.0,0.0,325.552319538385,37.54506061462244,24.650805328752586,0.0,0.0,53.737031434055815,77.25889622331408,0.0,0.0,0.0,0.0,0.0,0.0,100.25877321687365,0.0,0.0,0.0,0.0,0.0,0.0
246.0,0.0,278.4322526959026,53.237994593462204,0.0,66.66953651159335,0.0,37.98225504058055,86.71513542518386,0.0,3.0608765165061076,0.0,0.0,0.0,6.472729830838108,85.60060684504813,0.0,0.0,0.0,0.0,0.0,0.0
247.0,0.0,298.8785383208483,108.14727017376799,25.78743901644002,99.21509957758325,0.0,50.7951548754388,85.02844304753236,0.0,0.0,0.0,0.0,0.0,0.0,91.08794633870045,0.0,0.0,0.0,0.0,0.0,0.0
248.0,0.0,357.4787155346276,93.5831395249547,25.78743901644002,33.18976983740689,0.0,78.46589936671221,80.51384041059644,0.0,0.0,0.0,0.0,0.0,13.450019450680937,10.568901437403072,0.0,0.0,0.0,0.0,0.0,0.0
249.0,0.0,467.20051064431686,134.60613563094327,24.48701213204886,0.0,0.0,46.71450128678135,34.85866980242517,0.0,0.0,0.0,0.0,0.0,0.0,0.0,0.0,0.0,0.0,0.0,0.0,0.0
250.0,0.0,475.63650469357765,53.99367792901741,25.626099049926204,32.74426433335067,0.0,59.16105147788079,17.545808595898766,0.0,0.0,0.0,0.0,0.0,0.0,0.0,0.0,0.0,0.0,0.0,0.0,0.0
251.0,0.0,451.1021276746452,111.46473515666122,28.325426686662272,71.81283810472328,0.0,84.51837429241564,36.226493059793135,6.215508407283008,0.0,0.0,0.0,0.0,0.0,0.0,0.0,4.29602493341461,0.0,0.0,0.0,0.0
252.0,0.0,454.41158791334396,92.72967559544506,28.947982816805222,33.18976983740689,0.0,46.97832474289371,56.367949760453115,0.0,0.0,0.0,0.0,0.0,21.379173641956605,0.0,0.0,4.869448686138892,0.0,0.0,0.0,0.0
253.0,0.0,433.90040141033035,100.82500932628707,30.941463569565524,66.18470300384705,0.0,40.944747187012396,60.791838917095845,0.0,0.0,0.0,0.0,0.0,14.6949818711925,0.0,0.0,3.695763410650092,0.0,0.0,0.0,0.0
254.0,0.0,451.9790760281724,150.14916045121055,47.80178854763561,77.028130035179,0.0,32.73483589000468,36.42431102675581,0.0,0.0,0.0,0.0,0.0,0.0,23.74861281043747,0.0,0.0,0.0,0.0,0.0,0.0
255.0,0.0,314.68626051024387,115.53168322548467,21.813517578967744,65.02090424843065,0.0,44.376998282033384,65.42902823252551,0.0,0.0,0.0,0.0,0.0,14.447247558337482,30.784559626537863,0.0,0.0,0.0,0.0,0.0,0.0
256.0,0.0,258.1715787703846,98.2344317359046,22.82823886766956,33.18976983740689,0.0,26.88433353515628,42.75202081336265,0.0,0.0,0.0,0.0,0.0,0.0,34.023102138816334,0.0,0.0,0.0,0.0,0.0,0.0
257.0,0.0,27.138690431036053,0.0,0.0,76.07751294918285,0.0,0.0,10.885790623315094,0.0,0.0,0.0,0.0,0.0,0.0,25.88419120263619,0.0,0.0,0.0,0.0,0.0,0.0
258.0,0.0,148.647920016758,47.05605026665243,0.0,36.97205384433595,0.0,17.07774631998647,24.65551102986789,0.0,0.0,0.0,0.0,0.0,0.0,83.44409748560719,0.0,0.0,0.0,0.0,0.0,0.0
259.0,0.0,180.41290483827402,25.735456045115193,0.0,37.1148951432845,0.0,45.880528035059704,64.03236582651132,0.0,0.0,0.0,0.0,0.0,0.0,125.7205292031881,0.0,0.0,0.0,0.0,13.17253433996283,0.0
260.0,0.0,63.48718663161384,41.103790881253595,0.0,64.51280309561602,0.0,13.927751508093035,101.48884712951309,0.0,0.0,0.0,0.0,0.0,0.0,97.51280273746396,0.0,4.29602493341461,0.0,0.0,0.0,0.0
261.0,0.0,149.23249529476084,125.02781466615963,0.0,110.29443195388313,0.0,15.664259845793655,136.87724240721934,0.0,0.0,0.0,0.0,0.0,0.0,72.56851079484807,0.0,0.0,0.0,0.0,17.580112573247252,0.0
262.0,0.0,145.01086095982473,112.73996851519173,0.0,100.63252752846395,0.0,14.929306364826457,272.5115596300826,0.0,0.0,0.0,0.0,0.0,0.0,95.01459659611483,0.0,0.0,0.0,0.0,0.0,0.0
263.0,0.0,201.66721671063786,66.84170733105434,0.0,35.533308516915596,0.0,50.705374568018826,207.5460990590053,0.0,0.0,0.0,0.0,0.0,0.0,139.3659735946696,0.0,4.869448686138892,0.0,0.0,0.0,0.0
264.0,0.0,187.42165521641397,137.10935293269404,0.0,32.51860278149693,0.0,55.586322473627014,179.11039587713617,0.0,0.0,0.0,0.0,0.0,0.0,88.49918722800695,0.0,0.0,0.0,0.0,21.12823165395141,0.0
265.0,0.0,171.7363026220089,118.22194686174582,0.0,64.21537906637406,0.0,14.404912296155217,188.3358050933953,0.0,0.0,0.0,0.0,0.0,0.0,146.68730320298053,0.0,0.0,0.0,0.0,32.35168465387513,0.0
266.0,0.0,163.76311726352233,68.32246407169873,0.0,0.0,0.0,46.842151245318796,247.54806230480216,0.0,0.0,0.0,0.0,0.0,0.0,184.4142105659116,0.0,0.0,0.0,0.0,0.0,0.0
267.0,0.0,169.33817750608108,44.34488144491167,0.0,54.754623693123314,0.0,0.0,256.9835175939703,0.0,0.0,0.0,0.0,0.0,0.0,108.20009416126099,0.0,0.0,0.0,0.0,43.81267563375597,0.0
268.0,0.0,224.45813842924096,41.11091150295998,0.0,33.92789041814673,0.0,79.95921069683315,230.46987567583528,0.0,0.0,0.0,0.0,0.0,0.0,150.22077938470892,0.0,0.0,0.0,0.0,0.0,0.0
269.0,0.0,273.7506750721347,52.273347494719026,0.0,32.59531372675667,0.0,90.15331666407103,169.73862549138966,0.0,0.0,0.0,0.0,0.0,0.0,36.323936350362864,0.0,0.0,0.0,0.0,0.0,0.0
270.0,0.0,237.04507840335384,53.06722355250988,0.0,115.95761939196277,0.0,101.80020029751041,91.55189634008393,7.469957938494653,0.0,0.0,0.0,0.0,0.0,4.869448686138892,0.0,4.5857271840569656,0.0,0.0,0.0,0.0
271.0,0.0,188.17122883321204,39.49841730944259,0.0,73.44399945401297,0.0,108.59130815534847,90.0327722999684,0.0,0.0,0.0,0.0,0.0,0.0,0.0,0.0,0.0,0.0,0.0,0.0,0.0
272.0,0.0,233.15001862968793,14.168295276963368,0.0,57.64521948842018,0.0,52.76123431920529,82.53669231898745,0.0,0.0,0.0,0.0,0.0,0.0,0.0,0.0,4.29602493341461,0.0,0.0,0.0,0.0
273.0,0.0,178.58818729757954,0.0,0.0,0.0,0.0,31.83723159105632,92.52095348957074,0.0,0.0,0.0,0.0,0.0,0.0,11.166863184077927,0.0,3.3832942421827417,0.0,0.0,0.0,0.0
274.0,0.0,272.5424648706454,0.0,0.0,83.80055382627133,0.0,51.22508009521393,67.74018106420948,0.0,3.3832942421827417,0.0,0.0,0.0,7.225023932697846,75.69724431734502,0.0,0.0,0.0,0.0,0.0,0.0
275.0,0.0,269.0875894502862,73.55694817502913,0.0,29.719964140591117,0.0,31.56403143977251,20.027476628289595,0.0,6.121753033012215,0.0,0.0,0.0,9.34423064767946,56.26384881195657,0.0,0.0,0.0,0.0,0.0,0.0
276.0,0.0,329.167673775781,51.298352228473306,0.0,112.49471305164359,0.0,18.91363185326673,90.8971248974423,6.726587194035089,3.3832942421827417,0.0,0.0,0.0,0.0,54.51311713578802,0.0,0.0,0.0,0.0,18.847015940312694,0.0
277.0,0.0,355.89476886593974,51.8286690504545,0.0,214.42843787967982,0.0,0.0,120.3984605784496,0.0,0.0,0.0,0.0,0.0,0.0,134.275013837961,0.0,0.0,0.0,0.0,42.25646330790282,0.0
278.0,0.0,226.88086548758352,135.05617530454927,0.0,0.0,0.0,54.167390053083196,176.83073551438096,0.0,14.783053642600368,0.0,0.0,0.0,0.0,213.7115340399924,0.0,0.0,0.0,0.0,0.0,0.0
279.0,0.0,305.1976320390619,60.93796882950903,0.0,36.82902835197508,0.0,107.75980005015901,212.6863959486504,6.215508407283008,9.073294242182742,0.0,0.0,0.0,0.0,204.19176613486545,0.0,0.0,0.0,0.0,0.0,0.0
280.0,0.0,330.4575871198794,74.34064419163336,0.0,0.0,0.0,58.8156910373868,189.878236169399,6.977289619842829,3.999652675416358,0.0,0.0,0.0,0.0,142.40548277266168,0.0,0.0,0.0,0.0,0.0,0.0
281.0,0.0,347.957829204907,133.97128330217782,0.0,51.654983200487294,0.0,138.50080343458816,222.68754247779174,9.34423064767946,16.58410492802779,0.0,0.0,0.0,0.0,75.55116615118362,0.0,0.0,0.0,0.0,22.660177620867938,0.0
282.0,0.0,301.4123250664809,196.1380055027559,0.0,181.19651813586364,0.0,87.9281224371347,215.93990765470392,21.427337485238525,0.0,0.0,0.0,0.0,0.0,11.64468744033655,0.0,0.0,0.0,0.0,16.2819829971778,0.0
283.0,0.0,226.4148338836286,139.2024386869574,0.0,191.37250200332477,0.0,102.64677928776732,149.0293593842111,27.90322225346587,0.0,0.0,0.0,0.0,0.0,22.204895241730156,0.0,0.0,0.0,0.0,0.0,0.0
284.0,0.0,226.02644694044338,138.34029237031717,0.0,65.03720556299386,0.0,101.46945682925514,119.74073078382104,40.722114267727704,0.0,0.0,0.0,0.0,0.0,0.0,0.0,0.0,0.0,0.0,0.0,0.0
285.0,0.0,289.5225579752433,167.13751846057204,0.0,97.78645249111331,0.0,14.929306364826457,172.85457439105795,15.177040677681475,0.0,0.0,0.0,0.0,0.0,17.599374880673103,0.0,3.3832942421827417,0.0,0.0,14.75463332715717,0.0
286.0,0.0,385.52133956359233,232.92073616087944,0.0,65.5829801154638,0.0,42.069122209052026,134.60284825334864,0.0,6.766588484365483,0.0,0.0,0.0,0.0,57.63607841363962,0.0,0.0,0.0,0.0,0.0,0.0
287.0,0.0,313.4813382484668,281.9950950701779,0.0,100.80646895406858,0.0,50.059105992516706,132.8172538566545,0.0,6.444170758688849,0.0,6.215508407283008,0.0,0.0,143.76367884174283,0.0,0.0,0.0,0.0,18.847015940312694,0.0
288.0,0.0,309.82305980861946,263.70803426019074,0.0,69.44892419363865,0.0,12.720543708826753,183.34064148699127,43.49903336725749,3.0608765165061076,0.0,0.0,0.0,0.0,134.36545887132854,0.0,0.0,0.0,0.0,0.0,0.0
289.0,0.0,200.20697956523964,226.21457345255516,0.0,67.04389884290757,0.0,25.174573352706616,234.0447106664013,22.646998616176127,0.0,0.0,0.0,0.0,0.0,140.6421042623055,0.0,0.0,0.0,0.0,0.0,0.0
290.0,0.0,178.53454416428357,195.91530673806247,0.0,32.59531372675667,0.0,14.897248606250251,214.25404218869622,14.6949818711925,3.0608765165061076,0.0,13.453174388070178,0.0,0.0,198.74821012363526,0.0,0.0,0.0,0.0,0.0,0.0
291.0,0.0,131.044282874739,72.76913313908061,0.0,71.53291197944986,0.0,4.29602493341461,56.93009010864482,0.0,0.0,0.0,6.977289619842829,0.0,0.0,54.16092011230439,0.0,0.0,0.0,0.0,0.0,0.0
292.0,0.0,213.4715165631505,97.28391477153272,0.0,117.1103068021729,8.424518775412142,30.96053085460289,228.91288355861798,0.0,3.999652675416358,0.0,0.0,0.0,0.0,132.39828165228042,0.0,0.0,0.0,0.0,0.0,0.0
293.0,0.0,200.0901586566947,165.19082262294407,0.0,79.20888536891886,8.424518775412142,69.78882854358842,273.62760106376896,0.0,3.0608765165061076,0.0,0.0,0.0,0.0,66.6279016944205,0.0,0.0,0.0,21.12823165395141,20.76624781011507,0.0
294.0,0.0,209.00251432264656,177.66455247225338,0.0,83.96501131765382,8.424518775412142,43.07430768669989,295.3244596086673,23.104713723121986,2.726689697370968,0.0,0.0,0.0,0.0,38.45123656973366,0.0,0.0,0.0,19.38128949980245,0.0,0.0
295.0,0.0,204.5278478038707,106.0619581417465,0.0,70.34498234851816,8.189403888872208,15.18220103930468,273.6134562416604,0.0,0.0,0.0,0.0,0.0,0.0,21.922717273950425,0.0,0.0,4.5857271840569656,30.14128032408837,0.0,0.0
296.0,0.0,327.94794914577966,279.5196352392139,0.0,54.70647933142238,0.0,45.228695374888474,311.5200590742199,46.479118958357084,6.444170758688849,0.0,0.0,0.0,0.0,43.197122782263676,0.0,9.733487364585493,0.0,0.0,0.0,0.0
297.0,0.0,340.836245205019,345.29752016556006,0.0,35.24323943428152,9.792819152572282,67.27083407113999,344.483398502412,54.66852284722929,12.8883415173777,0.0,6.726587194035089,0.0,0.0,50.95125466563589,0.0,0.0,0.0,66.51938634330726,0.0,0.0
298.0,0.0,279.20823557405237,289.4144964573318,0.0,105.71927485703536,9.117236498979645,85.29203827830477,278.7706067619453,39.2268102243498,0.0,0.0,12.945459661676216,0.0,0.0,161.50566624867764,0.0,3.695763410650092,0.0,94.44581922701083,0.0,0.0
299.0,0.0,289.99203448258174,210.13559968996196,0.0,89.81297917857617,48.735552295980305,142.77652235840566,255.3440506899761,16.11336636381211,6.444170758688849,0.0,13.703876813877919,0.0,0.0,213.3256583401234,0.0,4.29602493341461,0.0,57.75825352098319,22.82823886766956,0.0
300.0,0.0,268.7206135651415,192.90089462067905,0.0,62.47325648889574,36.21377208424694,128.97415601752414,260.2568399124912,0.0,18.664138637796267,0.0,12.17019584761956,0.0,0.0,189.37704523457705,0.0,3.999652675416358,0.0,28.743589165345114,26.74854653356603,0.0
301.0,0.0,247.17726709077328,184.9735148581395,0.0,35.24323943428152,10.453197477327214,121.20497033328536,285.19121235059,0.0,6.766588484365483,0.0,13.94268776933276,0.0,0.0,214.57916114447366,0.0,0.0,0.0,17.94510770194158,20.76624781011507,0.0
302.0,0.0,205.540244834687,105.94769914066524,0.0,127.92049749207989,0.0,74.4972294166981,254.91453898818122,10.017208866667417,6.766588484365483,0.0,11.636649664157554,0.0,0.0,190.3967359289033,0.0,0.0,0.0,15.141234586803105,22.491699857947598,0.0
303.0,0.0,223.4522479986798,108.95731453039907,22.1534738125624,14.948350575742937,10.885790623315094,83.67470615553451,260.414970421269,14.167525152266636,3.3832942421827417,0.0,0.0,0.0,0.0,187.5402032668837,0.0,0.0,0.0,0.0,0.0,0.0
304.0,0.0,192.65086291730537,145.80530448034762,0.0,0.0,18.23447299795929,114.2642232994884,207.2319190216362,12.915023932697846,3.0608765165061076,0.0,0.0,0.0,0.0,37.33456731896557,0.0,0.0,0.0,0.0,0.0,0.0
305.0,0.0,187.2645884660716,86.03258373279428,0.0,35.822590420928826,8.424518775412142,101.0194500548306,161.67931611072933,30.798691905546296,0.0,0.0,0.0,0.0,0.0,27.5923863183706,0.0,4.29602493341461,0.0,0.0,0.0,0.0
306.0,0.0,154.3508197135449,110.06658845949798,0.0,71.58213829816458,0.0,44.54421464863429,109.049698458461,19.919385221160926,0.0,0.0,5.954687440336551,0.0,0.0,4.869448686138892,0.0,0.0,0.0,0.0,0.0,0.0
307.0,0.0,251.85712379643667,90.56100718988002,0.0,35.24323943428152,0.0,37.56846933017792,104.58699856390736,12.416587194035088,0.0,0.0,0.0,0.0,0.0,0.0,0.0,0.0,0.0,0.0,0.0,0.0
308.0,0.0,224.75168210524424,107.13777180909392,0.0,33.48566826293183,18.686637704566916,37.771745461259094,67.30768720201152,0.0,0.0,0.0,0.0,0.0,0.0,0.0,0.0,0.0,0.0,0.0,0.0,0.0
309.0,0.0,210.98435892334587,128.84291094514845,0.0,67.1711350568048,0.0,33.227845328568705,74.6916715104315,21.90878823333977,0.0,0.0,0.0,0.0,0.0,5.69,0.0,0.0,0.0,0.0,0.0,0.0
310.0,0.0,162.29351837402228,35.645952376893746,0.0,0.0,0.0,25.658451203529374,88.26347303165846,0.0,0.0,0.0,0.0,0.0,0.0,17.591337104494105,0.0,0.0,0.0,0.0,0.0,0.0
311.0,0.0,184.81618723932345,66.9661971206097,0.0,43.876992526580224,0.0,33.00676284749645,21.05607013095945,0.0,0.0,0.0,0.0,0.0,0.0,67.79929397565664,0.0,0.0,0.0,0.0,0.0,0.0
312.0,0.0,249.05483402639973,195.41441798357457,0.0,35.822590420928826,0.0,23.594733198292374,63.214373497233694,0.0,0.0,0.0,6.215508407283008,0.0,0.0,93.38278543812004,0.0,0.0,0.0,0.0,0.0,0.0
313.0,0.0,155.7205357121243,153.06579686448785,0.0,78.33114907549187,0.0,56.41142531937061,103.31995619992665,0.0,0.0,0.0,3.999652675416358,0.0,0.0,130.95287679812077,0.0,0.0,0.0,0.0,0.0,0.0
314.0,0.0,155.65830678033822,90.99614311306829,0.0,0.0,9.097473311748722,22.846694237589663,143.42906547278272,0.0,0.0,0.0,5.293055502521379,0.0,0.0,125.98118212778576,0.0,0.0,0.0,0.0,0.0,0.0
315.0,0.0,130.8154317490543,82.99427847304912,0.0,0.0,0.0,29.624288236018955,118.62809158692167,0.0,0.0,0.0,5.421141256874546,0.0,0.0,136.87431418234038,0.0,0.0,0.0,0.0,0.0,0.0
316.0,0.0,64.43916513705494,44.25799262510984,0.0,0.0,0.0,6.977289619842829,127.10028244827824,0.0,0.0,0.0,0.0,0.0,0.0,202.9857780440214,0.0,0.0,0.0,0.0,0.0,0.0
317.0,0.0,130.35166362494667,98.3605551964257,0.0,36.25506036207215,0.0,37.576304981002586,200.64724248574817,13.440532339980855,0.0,0.0,0.0,0.0,0.0,140.7497001134776,0.0,0.0,0.0,0.0,0.0,0.0
318.0,0.0,53.486551801015246,55.46519773251612,0.0,0.0,0.0,44.80412922075864,346.6357806058499,22.751657394422196,0.0,0.0,0.0,0.0,0.0,67.55889146231594,0.0,0.0,0.0,0.0,0.0,0.0
319.0,0.0,190.05229462486037,110.0661917494472,0.0,28.79276546074596,0.0,31.071517391588266,157.68177404169683,8.657466164784504,0.0,0.0,5.421141256874546,0.0,0.0,23.9711445382131,0.0,0.0,0.0,0.0,0.0,0.0
320.0,0.0,100.32663600651551,188.34128956409478,0.0,63.37830701088997,0.0,25.966088751100735,152.27111898200934,11.312314378092054,0.0,0.0,0.0,0.0,7.225023932697846,17.79392537010092,0.0,0.0,0.0,0.0,0.0,0.0
321.0,0.0,186.4739143904148,192.7671829434758,0.0,0.0,0.0,9.359318730139666,93.32008731324736,0.0,0.0,0.0,0.0,0.0,0.0,77.87312229532797,0.0,0.0,0.0,0.0,0.0,0.0
322.0,0.0,138.49857485610048,123.65593639181776,0.0,0.0,0.0,7.712243100810026,72.48017009829343,0.0,0.0,0.0,0.0,0.0,0.0,163.15934598797452,0.0,0.0,0.0,0.0,0.0,0.0
323.0,0.0,152.9886867107059,199.1507779638025,0.0,0.0,0.0,39.43726240826823,78.16409251180384,0.0,0.0,0.0,0.0,0.0,0.0,141.55806395293513,0.0,0.0,0.0,0.0,0.0,0.0
324.0,0.0,140.66947911892808,199.71880750547254,0.0,0.0,0.0,27.083695026541598,92.61144791597988,0.0,0.0,0.0,0.0,0.0,0.0,179.07556082909295,0.0,0.0,0.0,0.0,0.0,0.0
325.0,0.0,116.67176893392845,104.66935570397732,0.0,0.0,0.0,27.01281129592152,135.85217031158956,5.954687440336551,0.0,0.0,55.27186666748289,0.0,0.0,208.98447875391474,0.0,0.0,0.0,0.0,0.0,0.0
326.0,0.0,144.30488334729463,134.4554203555337,0.0,0.0,0.0,23.78306094252458,205.5139252683651,0.0,0.0,0.0,48.60827451540616,0.0,0.0,353.9009534202285,0.0,0.0,0.0,0.0,0.0,0.0
327.0,0.0,143.50801862236685,163.84630940460247,0.0,0.0,0.0,44.07404731249821,308.64409000168183,0.0,0.0,0.0,24.83748546746239,0.0,0.0,319.45228538225473,0.0,0.0,0.0,0.0,0.0,0.0
328.0,0.0,112.58325031709204,137.86273166543745,0.0,0.0,22.13232291073963,38.2705517906618,336.089211136511,14.404912296155217,3.0608765165061076,0.0,19.656040747263862,0.0,0.0,259.993242085748,0.0,0.0,0.0,0.0,0.0,0.0
329.0,0.0,170.49415473070428,164.16884325268467,0.0,32.51860278149693,19.804058681304582,111.29046324271376,305.48967199710665,14.196545132529742,11.240945608619013,0.0,0.0,0.0,0.0,108.77303035378067,0.0,0.0,0.0,0.0,0.0,0.0
330.0,0.0,136.0613923584861,146.03280183394153,0.0,26.429475423781245,9.56940120558727,62.498620229556174,163.75861452316212,13.703876813877919,0.0,0.0,6.472729830838108,0.0,0.0,11.111141256874546,0.0,11.695068761482808,0.0,0.0,0.0,0.0
331.0,0.0,153.22055947505606,189.74528515545475,0.0,0.0,0.0,66.71224008809546,180.54119652185148,6.726587194035089,0.0,0.0,0.0,0.0,7.469957938494653,11.111141256874546,0.0,3.999652675416358,0.0,0.0,0.0,0.0
332.0,0.0,144.08200723098702,189.9319151614285,0.0,40.073990672776524,0.0,55.04522704767183,171.79049997149022,12.416587194035088,0.0,0.0,0.0,0.0,6.726587194035089,15.164969047195942,0.0,7.679319175597351,0.0,0.0,0.0,0.0
333.0,0.0,225.77939408513714,92.54985085355105,0.0,0.0,0.0,13.192798027125837,144.74808415968425,28.390441421578053,2.726689697370968,0.0,0.0,0.0,0.0,30.26514572208429,0.0,0.0,3.695763410650092,0.0,0.0,0.0
334.0,0.0,182.72790255559244,101.37522150625205,0.0,0.0,0.0,43.07133957374717,138.27792242524094,21.421569065227587,9.49327818173645,0.0,6.977289619842829,0.0,0.0,78.5321365794741,0.0,0.0,0.0,0.0,0.0,0.0
335.0,0.0,245.78493413099747,113.85511383273081,0.0,0.0,0.0,24.789989420796495,91.26605629309314,0.0,3.695763410650092,0.0,7.712243100810026,0.0,0.0,213.27350719684412,0.0,0.0,0.0,0.0,0.0,0.0
336.0,0.0,192.93505023284322,110.17509849075252,0.0,0.0,10.670224879319528,16.37653552039577,104.54187743989816,0.0,3.0608765165061076,0.0,0.0,0.0,8.189403888872208,213.677530703713,0.0,0.0,0.0,0.0,0.0,0.0
337.0,0.0,136.35624003387923,156.66007116258658,0.0,0.0,0.0,0.0,33.218965819536265,0.0,0.0,0.0,0.0,0.0,0.0,316.2631141258077,0.0,0.0,0.0,0.0,0.0,0.0
338.0,0.0,157.644387889549,95.73278878998863,0.0,0.0,0.0,0.0,162.44470256932902,0.0,3.0608765165061076,0.0,0.0,0.0,0.0,365.83489849452167,0.0,0.0,0.0,0.0,0.0,0.0
339.0,0.0,114.92370695588308,82.48724462667984,0.0,0.0,0.0,14.939915876989305,41.73682866645152,0.0,0.0,0.0,0.0,0.0,0.0,120.49533808949073,0.0,0.0,0.0,0.0,0.0,0.0
340.0,0.0,54.52964027157824,28.335679453474008,0.0,0.0,0.0,0.0,63.05342547532692,0.0,0.0,0.0,0.0,0.0,0.0,165.9428287984065,0.0,0.0,0.0,0.0,0.0,0.0
341.0,0.0,142.5746800321718,12.76855566292444,0.0,34.87660703163807,0.0,7.695525479808448,151.397830074278,0.0,0.0,0.0,0.0,0.0,0.0,264.34651584712753,0.0,0.0,0.0,0.0,0.0,0.0
342.0,0.0,140.14536422240107,51.21248739012825,0.0,27.69827531886944,0.0,25.163963840543772,216.48182563996914,7.952016744983628,0.0,0.0,0.0,0.0,4.5857271840569656,511.4222948576269,0.0,0.0,0.0,0.0,24.48701213204886,0.0
343.0,0.0,213.65130211539307,80.46407920504039,0.0,38.392368460757694,0.0,15.332744906262654,310.9669178415704,37.059894202787,0.0,0.0,0.0,0.0,0.0,358.1945242522191,0.0,0.0,0.0,0.0,74.7737306850635,0.0
344.0,0.0,122.94074406945094,162.12755568577288,0.0,0.0,58.23945689402847,44.064520863354986,355.5342604493636,48.093085727612205,0.0,0.0,0.0,0.0,0.0,151.88521263462493,0.0,7.391526821300184,0.0,0.0,162.85512808206425,0.0
345.0,0.0,220.41032912234414,156.72343220578855,0.0,117.42247219440915,0.0,20.114746575821737,351.86413792133214,23.603831710442265,0.0,0.0,0.0,0.0,0.0,202.37735133017574,0.0,3.999652675416358,0.0,0.0,233.09099477569148,0.0
346.0,0.0,168.700135728754,235.95903050102237,0.0,29.87355595172957,0.0,53.56357871364804,313.6358374284922,23.594733198292374,6.42245310802106,0.0,0.0,0.0,0.0,447.8639770950289,0.0,4.869448686138892,0.0,0.0,318.6188158381821,0.0
347.0,0.0,239.87982705175193,156.68020908791794,0.0,44.7174763430994,0.0,38.64513109531363,339.2223868091411,43.74068512875163,0.0,0.0,0.0,0.0,7.952016744983628,307.3435041559325,0.0,7.991788344064702,0.0,0.0,358.4584218502445,0.0
348.0,0.0,212.3020916629409,151.849298876128,0.0,105.42073267525606,0.0,82.8715268533104,520.0403835953349,14.646891389971637,7.991788344064702,0.0,0.0,0.0,33.604851566938585,342.89320121038065,0.0,0.0,0.0,18.667803956937096,274.54814806482193,0.0
349.0,0.0,276.37833946663085,285.4358260677614,0.0,82.01984680740055,0.0,45.850987295064,611.7874880083198,12.68127463437164,3.2990751896048396,0.0,0.0,0.0,17.67822141002506,378.74199764253405,0.0,7.999305350832716,0.0,44.81310069301922,237.7899254214088,0.0
350.0,0.0,228.41224070185638,222.13832835154244,0.0,32.59531372675667,8.657466164784504,82.97196729611451,684.0762182717176,13.199317024873196,6.121753033012215,0.0,0.0,6.726587194035089,0.0,482.9010624991012,0.0,4.5857271840569656,0.0,17.580112573247252,27.728190098948453,0.0
351.0,6.766588484365483,119.46227412648331,183.51807294918893,0.0,222.8049058940132,16.378807777744417,73.85092261725548,688.6581204922056,0.0,0.0,0.0,0.0,0.0,13.453174388070178,400.1109350139774,0.0,27.407753627755838,0.0,0.0,36.615289249392646,0.0
352.0,3.772494184476124,264.5751298690616,262.58919742429873,0.0,0.0,8.189403888872208,148.57377202371,525.542652862384,0.0,8.848442730383184,0.0,0.0,23.849004977032195,8.657466164784504,384.38290357996584,0.0,0.0,0.0,103.34656091976261,45.58048435649397,0.0
353.0,29.514322106419105,335.9323872232125,307.01570884520095,0.0,76.45188574938177,19.73724489212344,165.5105148116853,411.0301607301185,34.87771156625049,8.848442730383184,0.0,0.0,0.0,21.666822340495685,111.94582154807922,0.0,7.69541608606645,0.0,110.79240300855903,0.0,0.0
354.0,32.06915289536239,314.9362474438201,330.1549205776401,0.0,89.68696469260203,30.257256158631797,185.2463237527568,347.9316415227769,20.928900746575763,17.3484034729678,0.0,0.0,38.0502088671956,21.165417488880202,75.90585826717027,0.0,34.62129727454283,0.0,12.357529751794223,76.97553959783309,0.0
355.0,14.774473738899282,367.6347780505136,351.75794965264186,0.0,91.30542228472356,32.000581069755825,84.43583071007224,248.33018758269384,28.136584058381068,0.0,0.0,0.0,17.081984940196648,22.608478779962795,0.0,0.0,36.537630649258794,0.0,56.39887403571587,0.0,0.0
356.0,0.0,299.1900483820437,333.8547167983276,22.82823886766956,46.84718577505456,20.246016629899493,61.58714385029207,193.05174572155897,8.189403888872208,0.0,0.0,0.0,32.47511496072522,0.0,0.0,0.0,20.584337885722398,0.0,32.18954748792794,24.48701213204886,0.0
357.0,0.0,401.52248530802444,323.79830778533,23.82813741730926,86.6272231595355,9.56940120558727,44.017721297128,211.25246078798406,0.0,0.0,0.0,0.0,15.894476713906794,25.038441439696495,5.421141256874546,0.0,20.272931614188117,0.0,49.975596312081755,0.0,0.0
358.0,0.0,396.89021318623173,338.86310694461474,24.158323541071532,46.5827608486955,0.0,72.21609788146091,223.37327287652639,8.424518775412142,0.0,0.0,0.0,8.424518775412142,8.189403888872208,18.11741727117466,0.0,12.265046359654317,0.0,13.97105433268401,20.78280493934977,0.0
359.0,11.087290231950277,370.74784722595336,369.9667754702342,49.951431905165435,36.111095712879724,0.0,47.90020659847196,205.78422637768568,0.0,3.0608765165061076,0.0,0.0,0.0,42.7518980532171,121.46420529712748,0.0,20.560723968485284,0.0,72.95939968120089,41.1948070787702,0.0
360.0,14.462004570431933,395.6169178702833,446.13190952081294,50.92335162290794,130.9284357737339,20.68785495304453,58.17009987294792,228.51980278568695,10.234657475717313,15.292613489072034,0.0,0.0,6.977289619842829,38.05020886719561,204.55261394022517,0.0,18.41708331725954,0.0,101.60661060228404,22.491699857947598,0.0
361.0,14.139586844755298,405.46937588161893,371.1105219810432,71.41754853366197,82.0756959635988,0.0,75.29746832816497,178.63617569404354,13.199317024873196,17.696885460766367,0.0,0.0,0.0,18.0728269628356,158.42792793716404,0.0,3.695763410650092,0.0,82.37238091223031,0.0,0.0
362.0,3.695763410650092,380.2949305198071,353.9077752334358,94.2344300091307,65.30354805230625,0.0,65.45252607192955,191.64751475094843,0.0,22.816078036373163,0.0,0.0,0.0,16.11336636381211,195.65015728980234,0.0,3.0608765165061076,0.0,21.47178597615041,0.0,0.0
363.0,0.0,226.74929013032192,255.8635191537509,25.78743901644002,27.22479148209053,0.0,35.07483217405718,58.46111557450299,0.0,7.079057652832834,0.0,0.0,0.0,0.0,59.20251627604674,0.0,0.0,0.0,44.30521743691534,0.0,0.0
364.0,0.0,124.38032983867367,148.00612642321238,78.88523531064352,29.25758919433293,0.0,50.6042202311428,125.29527305882311,0.0,0.0,0.0,0.0,0.0,0.0,121.80461042338746,0.0,0.0,0.0,31.997221403330865,0.0,0.0
365.0,0.0,148.9544576642735,155.09201456163163,55.07878999324827,108.79116966562682,0.0,54.880748924036624,122.05748681719626,0.0,3.695763410650092,0.0,0.0,0.0,0.0,111.99538457796154,0.0,0.0,0.0,0.0,0.0,0.0
366.0,0.0,169.36679161777576,174.34371571684753,101.08825086472281,77.50411656814262,0.0,61.119056492908186,110.57085863318193,6.472729830838108,2.726689697370968,0.0,0.0,0.0,0.0,25.455558990209383,0.0,0.0,0.0,0.0,0.0,0.0
367.0,0.0,241.19075238842038,219.9707605712477,77.92054290425565,148.6152188713979,0.0,7.712243100810026,88.70048420113203,12.537743929040595,2.726689697370968,0.0,0.0,0.0,0.0,4.869448686138892,0.0,0.0,0.0,15.524572707716574,0.0,0.0
368.0,0.0,253.3302504287897,224.6534321531763,47.3059364043265,33.18976983740689,0.0,8.424518775412142,84.97684727918654,6.977289619842829,0.0,0.0,0.0,0.0,0.0,0.0,0.0,0.0,0.0,0.0,0.0,0.0
369.0,3.0608765165061076,223.88074986260239,221.28370717871644,22.82823886766956,106.52881033020759,9.117236498979645,30.353792566446508,47.73855853364167,0.0,0.0,0.0,0.0,0.0,0.0,0.0,0.0,0.0,0.0,0.0,0.0,0.0
370.0,4.5857271840569656,270.159612171587,168.2697352787889,27.382922271097485,111.41936977422768,0.0,14.184972931648133,48.8265753753765,14.202313552540677,0.0,0.0,0.0,0.0,0.0,0.0,0.0,7.991788344064702,0.0,0.0,0.0,0.0
371.0,0.0,222.59664920429864,261.57592844352786,0.0,111.12434038212632,10.453197477327214,25.24664280072318,31.72142742656269,0.0,3.0608765165061076,0.0,0.0,0.0,0.0,32.77755989709908,0.0,0.0,0.0,0.0,0.0,0.0
372.0,6.7566399271562,179.90781133516737,236.61724250045523,0.0,78.88354045496686,10.670224879319528,31.56829333576091,75.09789616557674,0.0,3.0608765165061076,0.0,0.0,0.0,0.0,130.73824045751275,0.0,0.0,0.0,33.494556562538435,0.0,0.0
373.0,7.772146859892482,228.37813486819564,268.9903864379504,0.0,31.997221403330865,10.885790623315094,17.296247392663087,94.06656790311845,6.977289619842829,5.439084226078508,0.0,0.0,0.0,0.0,141.8617836886251,0.0,0.0,0.0,18.847015940312694,0.0,0.0
374.0,2.726689697370968,150.65386872937577,236.36889900949302,22.82823886766956,32.8929894265409,0.0,8.189403888872208,84.10171249681852,0.0,0.0,0.0,0.0,0.0,0.0,148.06724905901385,0.0,0.0,0.0,19.38128949980245,0.0,0.0
375.0,3.0608765165061076,172.0493338769532,161.11078696738247,47.64247541404846,34.36819946731688,10.014550645070646,8.189403888872208,68.84082711400792,0.0,0.0,0.0,0.0,0.0,0.0,122.5161479485184,0.0,0.0,0.0,0.0,0.0,0.0
376.0,0.0,169.29193086029082,122.79824219979855,50.92746784263609,80.22875322092722,0.0,16.849037550824285,55.03202771103882,5.147760180528526,0.0,0.0,0.0,0.0,0.0,47.811738606760315,0.0,0.0,0.0,0.0,0.0,0.0
377.0,0.0,144.88365739998056,41.02616953117756,75.72480380691115,33.7806976550332,0.0,7.952016744983628,37.293210842036515,0.0,0.0,0.0,0.0,0.0,0.0,10.295520361057052,0.0,0.0,0.0,0.0,0.0,0.0
378.0,0.0,89.9991855903975,25.533316859225046,49.13563329082133,31.997221403330865,0.0,14.929306364826457,38.0047239347587,0.0,0.0,0.0,0.0,0.0,0.0,0.0,0.0,0.0,0.0,0.0,0.0,0.0
379.0,0.0,103.84944522388702,12.562921705152363,48.97256008745043,0.0,11.312726116711296,22.36134297866242,29.754793094991363,0.0,0.0,0.0,0.0,0.0,0.0,0.0,0.0,0.0,0.0,0.0,0.0,0.0
380.0,0.0,81.26880515234465,12.562921705152363,48.14044184453789,0.0,0.0,7.225023932697846,18.005578930093908,6.215508407283008,0.0,0.0,0.0,0.0,0.0,0.0,0.0,0.0,0.0,0.0,0.0,0.0
381.0,0.0,93.6115634012552,0.0,23.496419011337725,0.0,0.0,15.901646989682234,10.234657475717313,0.0,0.0,0.0,0.0,0.0,0.0,0.0,0.0,0.0,0.0,0.0,0.0,0.0
382.0,0.0,115.66485158056597,13.373644749788488,26.109115076529037,31.997221403330865,11.524183685546301,8.189403888872208,29.78658034809969,0.0,0.0,0.0,0.0,0.0,0.0,5.954687440336551,0.0,0.0,0.0,0.0,0.0,0.0
383.0,0.0,138.1341422035245,14.364625120789995,0.0,0.0,0.0,0.0,31.304789635332433,0.0,0.0,0.0,0.0,0.0,0.0,11.111141256874546,0.0,0.0,0.0,0.0,0.0,0.0
384.0,0.0,190.6117583893822,0.0,0.0,0.0,0.0,8.888342431114262,12.357529751794223,0.0,0.0,0.0,0.0,0.0,0.0,48.80630546086274,0.0,0.0,0.0,0.0,0.0,0.0
385.0,0.0,203.9784713508855,0.0,0.0,0.0,0.0,0.0,12.357529751794223,0.0,0.0,0.0,0.0,0.0,0.0,64.13298713258891,0.0,0.0,0.0,0.0,0.0,0.0
386.0,0.0,133.41065003347714,0.0,0.0,0.0,0.0,12.617718119023179,18.047529751794222,0.0,0.0,0.0,0.0,0.0,0.0,107.94423127222584,0.0,0.0,0.0,0.0,0.0,0.0
387.0,0.0,146.78306816733888,27.545761492869875,0.0,33.7806976550332,0.0,0.0,0.0,0.0,0.0,0.0,0.0,0.0,0.0,272.55225701603064,0.0,0.0,0.0,0.0,0.0,0.0
388.0,0.0,188.77626411201211,12.970395154072685,0.0,0.0,0.0,0.0,0.0,0.0,3.3832942421827417,0.0,0.0,0.0,0.0,71.72501249462836,0.0,0.0,0.0,0.0,0.0,0.0
389.0,0.0,233.38359461037115,24.920451456946587,0.0,0.0,0.0,23.37650294660368,0.0,0.0,0.0,0.0,0.0,0.0,0.0,5.147760180528526,0.0,0.0,0.0,0.0,0.0,0.0
390.0,0.0,196.84295371942684,12.767200327326856,0.0,0.0,0.0,0.0,0.0,0.0,0.0,0.0,0.0,0.0,0.0,0.0,0.0,0.0,0.0,0.0,0.0,0.0
391.0,0.0,213.36587821512194,10.670224879319528,0.0,0.0,0.0,8.424518775412142,0.0,0.0,0.0,0.0,0.0,0.0,0.0,11.905508407283008,0.0,0.0,0.0,0.0,0.0,0.0
392.0,0.0,231.41898012234554,50.73482818350122,0.0,0.0,0.0,8.657466164784504,0.0,0.0,3.695763410650092,0.0,0.0,0.0,0.0,123.72327660675471,0.0,0.0,0.0,0.0,0.0,0.0
393.0,0.0,223.24207337430707,12.970395154072685,0.0,0.0,0.0,7.952016744983628,0.0,0.0,3.695763410650092,0.0,0.0,0.0,0.0,221.51284381595934,0.0,0.0,0.0,0.0,0.0,0.0
394.0,0.0,100.18783555538965,23.016119182479578,0.0,0.0,0.0,0.0,0.0,0.0,3.695763410650092,0.0,0.0,0.0,0.0,181.832062661458,0.0,0.0,0.0,0.0,0.0,0.0
395.0,0.0,108.73143051183361,12.767200327326856,0.0,0.0,0.0,0.0,7.952016744983628,0.0,0.0,0.0,0.0,0.0,0.0,172.2379891377478,0.0,0.0,0.0,0.0,0.0,0.0
396.0,0.0,161.1507081042247,14.948350575742937,0.0,0.0,0.0,0.0,0.0,0.0,0.0,0.0,0.0,0.0,0.0,296.00230084759994,0.0,0.0,0.0,0.0,0.0,0.0
397.0,0.0,136.65125558819264,0.0,0.0,0.0,0.0,0.0,0.0,0.0,0.0,0.0,0.0,0.0,0.0,331.27872279629577,0.0,0.0,0.0,0.0,0.0,0.0
398.0,0.0,165.67068136179387,0.0,0.0,0.0,0.0,14.662133719710315,6.215508407283008,0.0,0.0,0.0,0.0,0.0,0.0,396.73664971579973,0.0,0.0,0.0,0.0,0.0,0.0
399.0,0.0,160.80298348808392,0.0,0.0,0.0,0.0,16.5871944374743,7.712243100810026,8.657466164784504,3.999652675416358,0.0,0.0,0.0,0.0,415.3129226055514,0.0,0.0,0.0,0.0,0.0,0.0
400.0,0.0,246.06970216134835,0.0,0.0,0.0,16.378807777744417,14.939915876989305,15.904033489967256,78.51798608817207,0.0,0.0,0.0,0.0,0.0,21.648272252950886,0.0,0.0,0.0,0.0,0.0,0.0
401.0,0.0,303.0925402759048,28.875176080921733,0.0,0.0,30.353792566446508,0.0,18.877716252739354,59.4098188646619,5.787566213877076,0.0,0.0,0.0,0.0,11.375828697211098,0.0,4.29602493341461,4.29602493341461,0.0,0.0,0.0
402.0,0.0,280.291287840418,0.0,0.0,0.0,52.280283045313006,9.117236498979645,20.467748122397857,17.54175527439179,21.531113666055482,0.0,0.0,0.0,0.0,60.14922462553211,0.0,8.881752117471574,4.29602493341461,0.0,0.0,0.0
403.0,0.0,288.1906866089356,22.592187227511538,0.0,0.0,15.901646989682234,0.0,30.851874729650334,31.083848028986914,18.139239520171657,0.0,0.0,0.0,0.0,183.9155685588488,0.0,0.0,0.0,0.0,0.0,0.0
404.0,0.0,351.87905068229,0.0,0.0,26.109115076529037,41.935761632149834,15.589966329817752,19.10701515806622,14.424746575821736,3.999652675416358,0.0,0.0,0.0,0.0,344.8410419465977,0.0,0.0,0.0,0.0,0.0,0.0
405.0,0.0,446.72978591578794,42.52138144138153,0.0,41.05288729772287,11.851123241485682,0.0,34.91294494844147,29.141779240025045,9.008853236208266,0.0,0.0,0.0,0.0,365.3194546729862,0.0,7.586666666666667,0.0,0.0,0.0,0.0
406.0,0.0,457.8912229408014,10.670224879319528,0.0,30.485317584349072,0.0,7.712243100810026,24.022834586698174,14.578342431114262,3.695763410650092,0.0,0.0,0.0,0.0,469.10066459156053,0.0,0.0,0.0,0.0,0.0,0.0
407.0,0.0,458.77917744752085,28.303698132097303,0.0,0.0,0.0,6.977289619842829,54.37990260194327,13.192798027125837,0.0,0.0,0.0,0.0,0.0,703.7018076484193,0.0,0.0,0.0,0.0,0.0,0.0
408.0,0.0,440.39147396168033,26.307905313333237,0.0,0.0,0.0,14.929306364826457,21.527174811597856,0.0,7.991788344064702,0.0,0.0,0.0,0.0,554.8421101112083,0.0,0.0,0.0,0.0,0.0,0.0
409.0,0.0,436.2556996397926,27.317555032309535,0.0,0.0,13.94268776933276,31.53878927459459,57.126215873220495,14.678603939018718,0.0,0.0,0.0,0.0,0.0,400.4688864702247,0.0,0.0,0.0,0.0,0.0,0.0
410.0,0.0,480.31847281090046,14.364625120789995,0.0,0.0,36.10533336586951,37.289686654770115,48.884221802681374,17.039359144081924,0.0,0.0,0.0,0.0,0.0,279.4825850182498,0.0,0.0,0.0,0.0,0.0,0.0
411.0,0.0,455.1107775615397,14.364625120789995,0.0,28.637268682865155,23.613890090492262,34.62980944750096,39.59074802922944,21.663854227542963,0.0,0.0,0.0,0.0,0.0,79.59369231167655,0.0,0.0,0.0,0.0,0.0,0.0
412.0,0.0,595.9905585596039,28.13750586722493,0.0,32.8929894265409,7.469957938494653,0.0,31.555134472435142,32.82277183428842,0.0,0.0,0.0,0.0,0.0,24.2646684664563,0.0,0.0,0.0,0.0,0.0,0.0
413.0,0.0,428.75584545595154,29.487940856310043,0.0,0.0,22.630620684002345,21.151333769856826,32.212038638590826,20.427309070523766,0.0,0.0,0.0,0.0,0.0,0.0,0.0,0.0,0.0,0.0,0.0,0.0
414.0,0.0,461.1524996372146,21.39491392948483,0.0,32.51860278149693,15.664259845793655,0.0,21.76592359403851,22.39926430332111,0.0,0.0,0.0,0.0,0.0,6.472729830838108,0.0,0.0,0.0,0.0,0.0,0.0
415.0,0.0,472.11847355556483,79.20920097909958,0.0,32.8929894265409,13.703876813877919,7.952016744983628,22.396477669870453,21.89721603245816,7.679319175597351,0.0,0.0,0.0,0.0,24.568626724336934,0.0,0.0,3.999652675416358,0.0,0.0,0.0
416.0,7.991788344064702,443.83426188815906,42.302111845465745,0.0,32.59531372675667,0.0,0.0,10.014550645070646,9.792819152572282,0.0,0.0,0.0,0.0,0.0,238.66957327654333,0.0,0.0,0.0,0.0,0.0,0.0
417.0,0.0,428.70703192378494,42.3058011441883,0.0,0.0,16.846870053656712,16.84035917609789,31.963406096288125,0.0,0.0,0.0,0.0,0.0,0.0,320.4052365311628,0.0,0.0,0.0,0.0,0.0,0.0
418.0,0.0,366.6800171012103,42.08965360201985,0.0,0.0,0.0,0.0,29.99280578138131,0.0,3.3832942421827417,0.0,0.0,0.0,0.0,365.5967849234109,0.0,0.0,0.0,0.0,0.0,0.0
419.0,0.0,323.3377833559621,47.70737370229117,0.0,0.0,0.0,9.34423064767946,30.449775916963038,0.0,0.0,0.0,0.0,0.0,0.0,338.0537269989543,0.0,0.0,0.0,0.0,0.0,0.0
420.0,0.0,355.27716253086464,29.119258447947168,0.0,32.59531372675667,22.891932621972934,8.424518775412142,71.01402316626712,14.939915876989305,0.0,0.0,0.0,0.0,0.0,167.58197564732743,0.0,0.0,0.0,0.0,0.0,0.0
421.0,0.0,466.4402178431863,14.168295276963368,0.0,0.0,0.0,15.664259845793655,65.5378280192314,29.86657339833433,0.0,0.0,0.0,0.0,0.0,12.688238238121116,0.0,4.869448686138892,0.0,0.0,0.0,0.0
422.0,0.0,655.1507745665126,114.59499723701461,0.0,38.955589489111134,24.76620533115774,7.469957938494653,29.60018895021521,19.14748546746239,0.0,0.0,0.0,0.0,0.0,7.225023932697846,0.0,17.454481221028573,0.0,0.0,0.0,0.0
423.0,0.0,593.5614588218547,69.33200481570267,0.0,41.18208144422821,7.469957938494653,17.5214179505709,54.782027076650614,53.91861524565458,0.0,0.0,0.0,0.0,0.0,91.9338874637409,0.0,9.738897372277783,0.0,21.12823165395141,0.0,0.0
424.0,4.869448686138892,614.5944081834136,127.41522030362702,0.0,0.0,20.022598682914484,0.0,22.165544095326474,33.654547762272,0.0,0.0,0.0,0.0,0.0,210.4504199804673,0.0,16.850773543711284,0.0,0.0,0.0,0.0
425.0,0.0,516.5663946196015,172.5753055722721,0.0,53.31355645201863,20.68263825488271,35.869556517652825,39.76442009135752,23.83966720408918,0.0,0.0,0.0,0.0,0.0,297.4379527191823,0.0,3.695763410650092,0.0,0.0,0.0,0.0
426.0,0.0,435.4721675869914,95.64005427723677,0.0,31.093013830283923,17.312861206526406,0.0,40.307917572261445,6.472729830838108,0.0,0.0,0.0,0.0,0.0,410.6838226373106,0.0,0.0,0.0,0.0,0.0,0.0
427.0,3.3832942421827417,451.04236943695946,77.55980382673037,0.0,0.0,9.792819152572282,8.657466164784504,27.393717486392436,8.657466164784504,0.0,0.0,0.0,0.0,0.0,600.2363677278503,0.0,0.0,0.0,23.496419011337725,0.0,0.0
428.0,0.0,424.3838350461835,138.0546796940642,0.0,34.95237234483283,0.0,16.181763064230946,15.177040677681475,0.0,0.0,0.0,0.0,0.0,0.0,301.27629536647106,0.0,5.421141256874546,0.0,0.0,0.0,0.0
429.0,4.5857271840569656,377.3030872165508,81.61918056126648,0.0,0.0,10.014550645070646,30.573080652925512,25.196751684375325,5.954687440336551,0.0,0.0,0.0,0.0,0.0,506.12665271736955,0.0,0.0,0.0,0.0,0.0,0.0
430.0,5.147760180528526,370.88110455560565,56.45127479399087,0.0,33.7806976550332,0.0,24.316827992151367,47.337772753135845,0.0,0.0,0.0,0.0,0.0,0.0,342.37964457088526,0.0,0.0,0.0,0.0,0.0,0.0
431.0,0.0,374.9777802506545,100.92298430318479,0.0,34.36819946731688,8.189403888872208,53.24852549547765,42.73394413015471,0.0,0.0,9.792819152572282,0.0,0.0,0.0,198.61359013436535,0.0,0.0,0.0,49.48975266716288,0.0,0.0
432.0,3.695763410650092,325.6923636634466,101.25264767514447,0.0,35.822590420928826,39.38306643015124,37.82919965548081,59.80619391667087,30.80834823500461,0.0,0.0,0.0,0.0,0.0,70.8577800803758,0.0,3.695763410650092,0.0,0.0,28.325426686662272,0.0
